filename,text
public/en_00000.wav,the house of the strong wind.
public/en_00001.wav,scattered bits of soot hanging loosely all.
public/en_00002.wav,that could not be shut properly.
public/en_00003.wav,a few dry leaves from the nearby.
public/en_00004.wav,tree intruding into the room through the broken ventilator.
public/en_00005.wav,panes the powerful bulb gradually losing its brightness.
public/en_00006.wav,to become like a piece of ember and give.
public/en_00007.wav,credence to the impending danger inside the room.
public/en_00008.wav,all these happenings terrified me.
public/en_00009.wav,making a clear impact on both my.
public/en_00010.wav,mental and physical faculties.
public/en_00011.wav,yet i did not look around me.
public/en_00012.wav,for help and scream like a terrified child.
public/en_00013.wav,for the last hopes of survival.
public/en_00014.wav,because besides me there was no one else.
public/en_00015.wav,in the lonely guest house at that hour of the night.
public/en_00016.wav,there was no chance that bhabaprasad who stayed.
public/en_00017.wav,in the small house at the other end of the compound.
public/en_00018.wav,could hear me in the rainstorm.
public/en_00019.wav,maybe he was not at home.
public/en_00020.wav,could be that he would have some.
public/en_00021.wav,cheap booze at the paan shop at the crossing.
public/en_00022.wav,about a furlong or so away and spend the night there.
public/en_00023.wav,i knew during our first meeting itself.
public/en_00024.wav,from the way he walked.
public/en_00025.wav,his physical appearance.
public/en_00026.wav,his way of talking that he.
public/en_00027.wav,had the habit of drinking.
public/en_00028.wav,no one had to tell me about it.
public/en_00029.wav,bhabaprasads drinking habit however did not affect his.
public/en_00030.wav,behaviour and hospitality.
public/en_00031.wav,he received me like a very close.
public/en_00032.wav,yet devoted flower.
public/en_00033.wav,taking the small suitcase from my hand.
public/en_00034.wav,and placing it gently on the stool.
public/en_00035.wav,clearing the dusty layer that had formed.
public/en_00036.wav,on the previously cleaned few articles of furniture.
public/en_00037.wav,with his gamocha removing the lid from the glass of.
public/en_00038.wav,water and saying to me the dust on the road.
public/en_00039.wav,must have troubled you a lot.
public/en_00040.wav,as i removed patches of dust with an.
public/en_00041.wav,old towel and wanted to say something.
public/en_00042.wav,bhabaprasad said the road has not been.
public/en_00043.wav,gravelled for a long time.
public/en_00044.wav,about ten or fifteen years ago i.
public/en_00045.wav,had raised the matter with an officer during his.
public/en_00046.wav,visit here a few days later two truckloads of.
public/en_00047.wav,tone chips were sent here one truckload was utilised.
public/en_00048.wav,by the ranger at his bungalow and the remaining.
public/en_00049.wav,ships were scattered here and there.
public/en_00050.wav,now there are no traces of those.
public/en_00051.wav,stone ships left i knew that bhabaprasad wanted to let me.
public/en_00052.wav,know about his connections with important people.
public/en_00053.wav,that was natural because unless.
public/en_00054.wav,something very important cropped up.
public/en_00055.wav,there was no chance of any officer visiting this.
public/en_00056.wav,isolated place and even if anyone came.
public/en_00057.wav,there was no option for him but.
public/en_00058.wav,to put up with the round the clock hospitality and company.
public/en_00059.wav,of bhabaprasad which i had by now understood.
public/en_00060.wav,how often do officers and VIPs come here.
public/en_00061.wav,they hardly come.
public/en_00062.wav,for quite sometime now no one has.
public/en_00063.wav,visited this place.
public/en_00064.wav,why should anyone leave the comforts of.
public/en_00065.wav,city life and come to this jungle apart from.
public/en_00066.wav,the poor condition of the roads there is also.
public/en_00067.wav,no human habitation upto a distance of three to.
public/en_00068.wav,four furlongs from this bungalow.
public/en_00069.wav,the village people must be engaged in agriculture.
public/en_00070.wav,i asked the question like a researcher in social.
public/en_00071.wav,science not that i had any intention of.
public/en_00072.wav,acquiring a thorough knowledge of the lifestyle of the.
public/en_00073.wav,village folk because that information would be of no.
public/en_00074.wav,help in the official work for which i had.
public/en_00075.wav,come here and i didnt think it would help.
public/en_00076.wav,at least in expanding my knowledge my real intention.
public/en_00077.wav,was to keep bhabaprasad busy in the room for.
public/en_00078.wav,some more time because if he left there would.
public/en_00079.wav,be no one to talk to.
public/en_00080.wav,no reply came from bhabaprasad.
public/en_00081.wav,maybe he was a bit hard of.
public/en_00082.wav,hearing he concentrated on opening the two windows.
public/en_00083.wav,the mouth eaten certains hung distortedly no visitor.
public/en_00084.wav,must have noticed them for a long time.
public/en_00085.wav,or even if the tattered curtains had.
public/en_00086.wav,attracted attention.
public/en_00087.wav,no thought must have been given to.
public/en_00088.wav,get them replaced.
public/en_00089.wav,you have nothing to fear about the monkeys.
public/en_00090.wav,they have become like domestic animals.
public/en_00091.wav,bhabaprasad said disinterestedly.
public/en_00092.wav,do they cause any harm or disturbance fear.
public/en_00093.wav,of animals had always troubled me.
public/en_00094.wav,although i didnt show much anxiety while.
public/en_00095.wav,asking the question.
public/en_00096.wav,i knew that i had an unfounded.
public/en_00097.wav,fear of monkeys.
public/en_00098.wav,to overcome that fear.
public/en_00099.wav,they wont do anything if left alone.
public/en_00100.wav,after all they too understand love and.
public/en_00101.wav,affection i had heard many nature lovers talk about.
public/en_00102.wav,love for animals but till date i have not been.
public/en_00103.wav,able to gather the courage to find out the.
public/en_00104.wav,truth and have also not nurtured any remote wish.
public/en_00105.wav,to do so so naturally it was not surprising for.
public/en_00106.wav,me to get apprehensive at the possibility of an.
public/en_00107.wav,attack from the monkeys and then.
public/en_00108.wav,i noticed bhabaprasad getting unduly.
public/en_00109.wav,assumed at the sudden apprehension that had gripped me.
public/en_00110.wav,have they ever harassed anyone say.
public/en_00111.wav,like destroying clothes and belongings.
public/en_00112.wav,or getting angry and clawing or gnawing.
public/en_00113.wav,at without letting me finish bhabaprasad explained that no.
public/en_00114.wav,such incident had ever occurred because the monkeys had.
public/en_00115.wav,by now understood that visitors came to the bungalow.
public/en_00116.wav,just for a night or two to rest and.
public/en_00117.wav,could never challenge their traditional supermacy like permanent residents.
public/en_00118.wav,in fact during their brief stayed a visitors.
public/en_00119.wav,either out of fear or love for.
public/en_00120.wav,natures resources would try to weave a temporary bond.
public/en_00121.wav,of friendship with the animals.
public/en_00122.wav,that in no way caused any obstruction.
public/en_00123.wav,to the dominance of the monkeys.
public/en_00124.wav,i did not let bhabaprasad know that i.
public/en_00125.wav,was not comforted by his assuagement.
public/en_00126.wav,he fits two buckets of water and.
public/en_00127.wav,placed them in the bathroom well water.
public/en_00128.wav,from where will you get municipal water here.
public/en_00129.wav,there were some traces of resentment in bhabaprasads straightforward.
public/en_00130.wav,reply it was natural because apart from the.
public/en_00131.wav,wells there could be no other source of.
public/en_00132.wav,water in the area the small hillocks in the.
public/en_00133.wav,surroundings made me realise that installing a tubewell was.
public/en_00134.wav,a difficult task because the rocks deep inside would.
public/en_00135.wav,surely cause obstructions to the pipes.
public/en_00136.wav,how far is the well if i can.
public/en_00137.wav,fits water myself when i need it.
public/en_00138.wav,i wont have to trouble you.
public/en_00139.wav,its quite nearby and can be seen from.
public/en_00140.wav,the back door of the bathroom.
public/en_00141.wav,bhabaprasad said.
public/en_00142.wav,compelling me to guess the location of.
public/en_00143.wav,the well with an indication of his finger.
public/en_00144.wav,you dont have to draw water from.
public/en_00145.wav,the well i will do it for you.
public/en_00146.wav,no i mean suppose i feel like cooling myself in.
public/en_00147.wav,he heat with a bucket of water.
public/en_00148.wav,why should i bother you so late.
public/en_00149.wav,there was some psychological reason for it.
public/en_00150.wav,and despite trying hard i had not been able.
public/en_00151.wav,prabals telephone rang shrilly.
public/en_00152.wav,hello yes prabal phukan speaking.
public/en_00153.wav,hey is that balen.
public/en_00154.wav,where are you calling from.
public/en_00155.wav,are you calling from guwahati.
public/en_00156.wav,when did you arrive in the U S A.
public/en_00157.wav,you are on your way here.
public/en_00158.wav,you will tell everything then.
public/en_00159.wav,but where are you putting up.
public/en_00160.wav,when and how will you come here.
public/en_00161.wav,i have to go to receive you.
public/en_00162.wav,there are regular buses playing from chicago to north western.
public/en_00163.wav,i will wait for you.
public/en_00164.wav,with a beating heart from two o clock.
public/en_00165.wav,hey i am not joking.
public/en_00166.wav,i am already impatient to meet you.
public/en_00167.wav,oh i havent meet you for so long.
public/en_00168.wav,really still can't believe.
public/en_00169.wav,you are calling from america.
public/en_00170.wav,it feels dream.
public/en_00171.wav,i will hang up otherwise you will get late.
public/en_00172.wav,you wont be able to catch the bus.
public/en_00173.wav,but i feel as if i will loss you.
public/en_00174.wav,i put the receiver down.
public/en_00175.wav,the dream will come to an ind.
public/en_00176.wav,i will wait till we meet.
public/en_00177.wav,putting down the receiver.
public/en_00178.wav,prabal started at the phone for a long time.
public/en_00179.wav,indeed balen had come here to america and in five hours time.
public/en_00180.wav,he would be here in flesh and blood.
public/en_00181.wav,he still could not believe it.
public/en_00182.wav,he picked up the receiver again and started.
public/en_00183.wav,hello judith this is prabal speaking.
public/en_00184.wav,a friend of mine has come from assam.
public/en_00185.wav,no not imran i am not sure when imran is coming.
public/en_00186.wav,he is balen i have told you about him.
public/en_00187.wav,that boy from golaghat.
public/en_00188.wav,golaghat near the nambor forest.
public/en_00189.wav,balen is a newspaper reporter.
public/en_00190.wav,senior reporter of an old and reputed daily of guwahati.
public/en_00191.wav,the one who was noticed after an interview with.
public/en_00192.wav,dr robin banerjee you remember him.
public/en_00193.wav,only at the mention of robin banerjee.
public/en_00194.wav,poor balen who have forgotten the very stairs.
public/en_00195.wav,which helped you to climb to the top.
public/en_00196.wav,anyway he is arriving here at around two.
public/en_00197.wav,he doesnt know of your existence.
public/en_00198.wav,unless he has heard rumours.
public/en_00199.wav,since we had not written to each other.
public/en_00200.wav,but he is a dear friend.
public/en_00201.wav,you know what kind of friend.
public/en_00202.wav,remember how we had quarrelled once.
public/en_00203.wav,you had tried to make amends with a.
public/en_00204.wav,definition of ideal friendship.
public/en_00205.wav,what you never make amends.
public/en_00206.wav,only i am the henpecked one.
public/en_00207.wav,to have found a gem like you.
public/en_00208.wav,can somebody after finding a diamond.
public/en_00209.wav,the diamond mines of kimberly.
public/en_00210.wav,in africa not be hen pecked.
public/en_00211.wav,anyway during that quarrel.
public/en_00212.wav,you had quoted plutarch line.
public/en_00213.wav,i do not need a friend who changes.
public/en_00214.wav,when i change who nods when i nod.
public/en_00215.wav,my shadow does that much better.
public/en_00216.wav,my friendship with balen fits that definition.
public/en_00217.wav,we indulged in endless disputes.
public/en_00218.wav,still we always agreed to disagree.
public/en_00219.wav,thats the basis of our friendship.
public/en_00220.wav,anyway after i spend a few hours with him.
public/en_00221.wav,i will take him to your place.
public/en_00222.wav,hope you have no other engagement.
public/en_00223.wav,you dont have any.
public/en_00224.wav,good i will hang up now you want.
public/en_00225.wav,the two of us to have dinner at your place.
public/en_00226.wav,i had already expected.
public/en_00227.wav,that i cannot help but confess.
public/en_00228.wav,darling and there he will get a second.
public/en_00229.wav,surprise in the course of time.
public/en_00230.wav,balen was safely insconced in prabals home.
public/en_00231.wav,prabal had enrolled in north western university.
public/en_00232.wav,to do his phd in engineering about four years ago.
public/en_00233.wav,he had rented a room in a big house like him.
public/en_00234.wav,judith garfield had also arrived from south africa.
public/en_00235.wav,to obtain the same degree at this university.
public/en_00236.wav,after that this couple hailing from two under.
public/en_00237.wav,a developed countries had grown so close.
public/en_00238.wav,that they now felt it was impossible to return to their.
public/en_00239.wav,respective countries in asia and africa to be so.
public/en_00240.wav,far away from one another.
public/en_00241.wav,so they had made a decision.
public/en_00242.wav,to complete their degrees.
public/en_00243.wav,get married and then move to guwahati.
public/en_00244.wav,india judith had at first expressed.
public/en_00245.wav,a desire to stay on in america.
public/en_00246.wav,but prabal had quoted an english poet.
public/en_00247.wav,i am an only son.
public/en_00248.wav,whats to be done judith.
public/en_00249.wav,i am the only son of our parents.
public/en_00250.wav,in our families.
public/en_00251.wav,even today elderly parents do not usually live alone.
public/en_00252.wav,but with their sons.
public/en_00253.wav,that is why.
public/en_00254.wav,i cannot leave my parents alone in their old age.
public/en_00255.wav,i have to go back.
public/en_00256.wav,i believe that.
public/en_00257.wav,my loving mother will welcome a girl.
public/en_00258.wav,like you with open arms.
public/en_00259.wav,deuta is a very liberal person.
public/en_00260.wav,and ma will be all the more happier.
public/en_00261.wav,when she realizes.
public/en_00262.wav,although have married an american girl.
public/en_00263.wav,she is no negro.
public/en_00264.wav,i havent brought along a black beauty.
public/en_00265.wav,and listen judith.
public/en_00266.wav,you will be happy living in our home.
public/en_00267.wav,because day and night.
public/en_00268.wav,there will be a huge elephant.
public/en_00269.wav,in front of your eyes.
public/en_00270.wav,an elephant our favourite animal.
public/en_00271.wav,that you are so crazy about.
public/en_00272.wav,after that prabal told her about the elephant.
public/en_00273.wav,balen and he also discuss the elephant.
public/en_00274.wav,although much later on.
public/en_00275.wav,because the two friends were meeting after.
public/en_00276.wav,such a long time.
public/en_00277.wav,they were busy exchanging news and gossip.
public/en_00278.wav,prabal first asked the reason for balens.
public/en_00279.wav,visit to america.
public/en_00280.wav,the assam association of america frequently invited.
public/en_00281.wav,artist and literari from assam.
public/en_00282.wav,this time the invitation was extended to journalists too.
public/en_00283.wav,balen had in the meanwhile.
public/en_00284.wav,become a renowned journalist of assam.
public/en_00285.wav,his fame had spread to america.
public/en_00286.wav,balen had remarked self deprecatingly.
public/en_00287.wav,over the seven seas and thirteen rivers.
public/en_00288.wav,the fame of this hopeless.
public/en_00289.wav,one has been carried by the wind.
public/en_00290.wav,you know that is.
public/en_00291.wav,why i have got this great opportunity to visit.
public/en_00292.wav,you absolutely free of cost.
public/en_00293.wav,first i stopped at chicago.
public/en_00294.wav,where they had made arrangements for me to stay.
public/en_00295.wav,with an assamese family.
public/en_00296.wav,tomorrow there will be a function.
public/en_00297.wav,i will give news from assam.
public/en_00298.wav,interrupting balen prabal had said.
public/en_00299.wav,there are some assamese families in chicago.
public/en_00300.wav,actually a part of chicago is crawling.
public/en_00301.wav,with asian people.
public/en_00302.wav,but wait that means you are going away tomorrow.
public/en_00303.wav,yes i have to go.
public/en_00304.wav,i cannot roam at will.
public/en_00305.wav,they have brought me here.
public/en_00306.wav,i must conform to their plans.
public/en_00307.wav,somehow i have managed to sneak off.
public/en_00308.wav,and visit you.
public/en_00309.wav,i am fortunate.
public/en_00310.wav,i can at least spend a night with you.
public/en_00311.wav,prabal i am really finding it cold here.
public/en_00312.wav,i had brought some warm clothes with me.
public/en_00313.wav,i never imagined it would be so cold here.
public/en_00314.wav,i havent that many dollars with me.
public/en_00315.wav,to buy an overcoat or something of that kind.
public/en_00316.wav,and fritter away my precious money.
public/en_00317.wav,dont worry about that.
public/en_00318.wav,i will give you one of my warm jackets.
public/en_00319.wav,i had thought about it.
public/en_00320.wav,even before you mentioned it.
public/en_00321.wav,isnt it really cold here.
public/en_00322.wav,just close by is lake michigan.
public/en_00323.wav,nearby are four lakes.
public/en_00324.wav,erie superior ontario and huron.
public/en_00325.wav,icy winds also blow from there.
public/en_00326.wav,i have experienced zero degree temperature here.
public/en_00327.wav,if the temperature falls below zero degree you will die of cold.
public/en_00328.wav,prabal told balen about judith only.
public/en_00329.wav,when they were on their way to her house.
public/en_00330.wav,prabal realised balen had no inkling of.
public/en_00331.wav,the matter from the latters reaction to the news.
public/en_00332.wav,what happened you look like.
public/en_00333.wav,you have been struck by a thunderbolt.
public/en_00334.wav,actually in view of our surroundings.
public/en_00335.wav,you look as though you are frozen stiff.
public/en_00336.wav,otherwise judiths food will get stone cold.
public/en_00337.wav,at judiths home.
public/en_00338.wav,she too stayed in a one room apartment.
public/en_00339.wav,like prabal they however had a piping hot meal.
public/en_00340.wav,balen had never dreamt in his wildest dreams.
public/en_00341.wav,that such surprises would await him in america.
public/en_00342.wav,he told prabal.
public/en_00343.wav,when i go back to assam.
public/en_00344.wav,my job will be to write about.
public/en_00345.wav,the work done by the assamese association here.
public/en_00346.wav,in the night i can simply open the door.
public/en_00347.wav,and fits the water myself.
public/en_00348.wav,i said as i changed my clothes.
public/en_00349.wav,bhabaprasad must convinced that i had.
public/en_00350.wav,no doubts about his sincerity and it was only.
public/en_00351.wav,to save him the unnecessary trouble that i had.
public/en_00352.wav,volunteered to fit water from the well when required.
public/en_00353.wav,he said i will be there.
public/en_00354.wav,you need not worry.
public/en_00355.wav,i had thought he would stop at that.
public/en_00356.wav,but proving me wrong he came near.
public/en_00357.wav,me and whispered it would be advisable not to.
public/en_00358.wav,venture out of the bungalow because these are not.
public/en_00359.wav,good times you can call me if you need.
public/en_00360.wav,water or want me to go to the market.
public/en_00361.wav,or fits cigarettes.
public/en_00362.wav,from the atmosphere pervading the area i could.
public/en_00363.wav,guess that it would not be wise to move.
public/en_00364.wav,around alone and invite trouble.
public/en_00365.wav,tomorrow morning when the forest department jeep.
public/en_00366.wav,arrive it would be to get into it.
public/en_00367.wav,finish my official work and leave this.
public/en_00368.wav,place nowadays it is natural for gun toting youths.
public/en_00369.wav,to visit such isolated places more frequently.
public/en_00370.wav,its the forest i am talking about.
public/en_00371.wav,huh how will my job be done if.
public/en_00372.wav,i am so scared of the guns since i.
public/en_00373.wav,have come here on official duty i must go.
public/en_00374.wav,out tomorrow how can i remain indoors.
public/en_00375.wav,fear with arrogance of a courageous and sincere.
public/en_00376.wav,government officer i hurled the words like darts at.
public/en_00377.wav,bhabaprasad and looked at him with.
public/en_00378.wav,convinced about todays sir being a man of metal.
public/en_00379.wav,a fearless officer pledged to his official.
public/en_00380.wav,duties and to whom duty had more worth than.
public/en_00381.wav,his own life i am not talking about the boys.
public/en_00382.wav,they will come openly.
public/en_00383.wav,indulge in some act and leave.
public/en_00384.wav,but its these unseen ones that create.
public/en_00385.wav,more trouble.
public/en_00386.wav,i was unable to make any head or.
public/en_00387.wav,tail of what bhaba was saying even as i.
public/en_00388.wav,tried to find out if he was in his.
public/en_00389.wav,normal state was he walking normally.
public/en_00390.wav,did he twist his tongue when he.
public/en_00391.wav,talked or had he over drunk that cheap stuff.
public/en_00392.wav,sir i had kept back the facts from.
public/en_00393.wav,you lest you might be scared.
public/en_00394.wav,but for the past some time now.
public/en_00395.wav,officers have stopped staying in his bungalow.
public/en_00396.wav,things are very scary.
public/en_00397.wav,i did not show any eagerness to listen.
public/en_00398.wav,to bhabaprasad intently because i didnt want to give.
public/en_00399.wav,him any hint of my weakness.
public/en_00400.wav,fear or of my mental state.
public/en_00401.wav,but a strong desire to hear out.
public/en_00402.wav,the rest of his story charged up within me.
public/en_00403.wav,and the show that i put up.
public/en_00404.wav,like a good actor disheartened him a lot maybe.
public/en_00405.wav,he was not expecting such a vague and indifferent.
public/en_00406.wav,attitude from me.
public/en_00407.wav,he stopped talking and went out of.
public/en_00408.wav,the front door to the verandah.
public/en_00409.wav,i could hear the sounds his torn.
public/en_00410.wav,sandals made on the steps.
public/en_00411.wav,at what time would you like to have dinner early.
public/en_00412.wav,not letting him complete his enquiries he was.
public/en_00413.wav,making from the verandah.
public/en_00414.wav,i called out a bit loud from.
public/en_00415.wav,inside you can bring it anytime you want.
public/en_00416.wav,along with it bhabaprasad reentered the room.
public/en_00417.wav,something simple will do you can make a.
public/en_00418.wav,dish of mixed vegetable.
public/en_00419.wav,that will be fine.
public/en_00420.wav,i am a bit tired and would.
public/en_00421.wav,prefer to sleep early.
public/en_00422.wav,i saw the smile on bhabas face.
public/en_00423.wav,and got the impression that my menu would be.
public/en_00424.wav,very easy for him to prepare.
public/en_00425.wav,earlier the officers used to have frequent gorgeous.
public/en_00426.wav,parties here and i would make all the arrangements.
public/en_00427.wav,for them but there has been no such party.
public/en_00428.wav,for the last two years.
public/en_00429.wav,taking out the matchbox from the pocket.
public/en_00430.wav,of his khaki trousers bhabaprasad put it on the.
public/en_00431.wav,table and said we have frequent power failures here.
public/en_00432.wav,there are two candles inside the drawer.
public/en_00433.wav,why are parties not held now a days surely bhabaprasad.
public/en_00434.wav,was not aware that i had put the question.
public/en_00435.wav,to him in order to elicit more details about.
public/en_00436.wav,his unfinished story.
public/en_00437.wav,after two major incidents the officers stopped coming.
public/en_00438.wav,here out of fear.
public/en_00439.wav,what do you mean.
public/en_00440.wav,i was surprised when i heard from the.
public/en_00441.wav,ranger that you were coming.
public/en_00442.wav,sir had asked me not to tell.
public/en_00443.wav,you anything about those incidents if you didnt ask.
public/en_00444.wav,about them it was not that i was trying to.
public/en_00445.wav,unfold the mystery i wanted to know the details.
public/en_00446.wav,from bhabaprasad only for my own safety.
public/en_00447.wav,even if i had to leave now.
public/en_00448.wav,i could do so within half an hour in.
public/en_00449.wav,the rangers car but actually i ought to know.
public/en_00450.wav,why i felt the danger to my life and.
public/en_00451.wav,wanted to run away from the place.
public/en_00452.wav,mr gogoi was a cheerful person.
public/en_00453.wav,he would enjoy costly drinks with the.
public/en_00454.wav,ranger and go to bed only around two am.
public/en_00455.wav,occasionally he would come and spend two.
public/en_00456.wav,or three nights here.
public/en_00457.wav,and then one morning he suddenly died in bed.
public/en_00458.wav,the story of the dead man simply flowed.
public/en_00459.wav,out of bhabaprasads mouth without any emotion or excitement.
public/en_00460.wav,in his voice or any expression in his face.
public/en_00461.wav,i found nothing sensational about his story.
public/en_00462.wav,because the fact that a man could suddenly suffer.
public/en_00463.wav,a cardiac failure and die after drinking too much.
public/en_00464.wav,was known to me.
public/en_00465.wav,we all understood that ningni the ghost had.
public/en_00466.wav,killed gogoi during the night.
public/en_00467.wav,the huge footprints inside the house left.
public/en_00468.wav,us the warning that the ghost still moves around.
public/en_00469.wav,in the vicinity of the village.
public/en_00470.wav,one month prior to gogois death.
public/en_00471.wav,the ghost had killed niranjan tamuli too.
public/en_00472.wav,in a similar fashion.
public/en_00473.wav,it didnt take me long to understand the.
public/en_00474.wav,meaning of the unseen thing bhabaprasad had talked about.
public/en_00475.wav,of course his ghost story could in.
public/en_00476.wav,no way unsettle me because such hearsay is always.
public/en_00477.wav,linked with old guest houses.
public/en_00478.wav,of course there are some here who have.
public/en_00479.wav,seen the ghost.
public/en_00480.wav,i myself have heard his footsteps.
public/en_00481.wav,once dharani the faith healer had brought him.
public/en_00482.wav,under his control.
public/en_00483.wav,but of late he is said to.
public/en_00484.wav,have broken free from dharanis shackless.
public/en_00485.wav,you can never tell whom ningni would.
public/en_00486.wav,attack he is a fiery creature with eyes.
public/en_00487.wav,burning like ember.
public/en_00488.wav,the nails on the fingers of his.
public/en_00489.wav,big hairy hands a span long and dishevelled hair.
public/en_00490.wav,that has become matted at places and he sometimes.
public/en_00491.wav,roams the jungle wearing a red turban.
public/en_00492.wav,his feet remain a foot above the.
public/en_00493.wav,ground and when he sticks out his tongue he.
public/en_00494.wav,looks like goddess kali.
public/en_00495.wav,bhabaprasad looked at me with curiosity.
public/en_00496.wav,he wanted to find out the effect.
public/en_00497.wav,but i am becoming more impatient.
public/en_00498.wav,to go back and spread your news.
public/en_00499.wav,a white memsaheb had cooked rice.
public/en_00500.wav,fish in mustard curry for me in this foreign land.
public/en_00501.wav,you had mentioned over the phone.
public/en_00502.wav,hearing my voice had seemed like a dream to you.
public/en_00503.wav,well all these incidents after meeting you.
public/en_00504.wav,seem like a dream to me now.
public/en_00505.wav,although they had a rice and curry meal.
public/en_00506.wav,they had coffee afterwards and they whiled away.
public/en_00507.wav,long hours in conversation.
public/en_00508.wav,prabals conversation was always amusing.
public/en_00509.wav,so was balens.
public/en_00510.wav,this was what had attracted.
public/en_00511.wav,the two to each other in the first place.
public/en_00512.wav,you know judith like i had told you.
public/en_00513.wav,the friendship between us is based on.
public/en_00514.wav,plutarchs definition of friendship.
public/en_00515.wav,but a everything has a limit.
public/en_00516.wav,now look at him.
public/en_00517.wav,even after so many years.
public/en_00518.wav,he could not help but come over to meet me.
public/en_00519.wav,when he shivered with cold.
public/en_00520.wav,i told him that it was his misfortune.
public/en_00521.wav,come to one of the worlds coldest places.
public/en_00522.wav,at this balen flared up saying.
public/en_00523.wav,only he knew about the worlds coldest place.
public/en_00524.wav,where a deer.
public/en_00525.wav,which had jumped from a mountain.
public/en_00526.wav,had hung suspend in mid air.
public/en_00527.wav,frozen due to the cold.
public/en_00528.wav,then i told him that was impossible.
public/en_00529.wav,the earths gravitational pull would force.
public/en_00530.wav,the deer to come down.
public/en_00531.wav,do you know what this argumentative fellow.
public/en_00532.wav,who fills pages of his newspaper with sensational nonsense.
public/en_00533.wav,earns accolades for that said to me.
public/en_00534.wav,that in that cold.
public/en_00535.wav,even the earths gravitational pull had frozen.
public/en_00536.wav,at this judith was convulsed with laughter.
public/en_00537.wav,almost upset her coffee.
public/en_00538.wav,controlling her laughter she said.
public/en_00539.wav,only a deer could have remained suspended in mid air.
public/en_00540.wav,but an elephant would have.
public/en_00541.wav,definitely fallen to the ground.
public/en_00542.wav,balen i have not told you one thing about judith.
public/en_00543.wav,she is totally obsaid about elephants.
public/en_00544.wav,she loves me because of it.
public/en_00545.wav,i dont look like an elephant.
public/en_00546.wav,i cannot be compared to an elephant.
public/en_00547.wav,on the other hand you can compare.
public/en_00548.wav,me to another of assams precious animals.
public/en_00549.wav,the rhino because i am so thick skinned.
public/en_00550.wav,i dont mind the fact that judith loves elephants.
public/en_00551.wav,more than me.
public/en_00552.wav,oh listen when judith thinks about her native.
public/en_00553.wav,africa the first thing that comes to her mind.
public/en_00554.wav,she loves them a lot.
public/en_00555.wav,when she saw a tv report revealed.
public/en_00556.wav,how poachers slaughtered elephants for their tusks.
public/en_00557.wav,and were forcing them towards extinction.
public/en_00558.wav,she became teary eyed.
public/en_00559.wav,how many dead elephants the tv had showed.
public/en_00560.wav,the main reason for her attraction.
public/en_00561.wav,towards me was.
public/en_00562.wav,i too hailed from a country that had elephants.
public/en_00563.wav,after that when i told her.
public/en_00564.wav,from our house in guwahati.
public/en_00565.wav,she would see an elephant day and night.
public/en_00566.wav,her joy knew no bounds.
public/en_00567.wav,even though she knew it wasnt a real elephant.
public/en_00568.wav,dont you understand.
public/en_00569.wav,when we look towards.
public/en_00570.wav,the south from our house doesn't.
public/en_00571.wav,the entire kalapahar hill resemble a.
public/en_00572.wav,standing elephant touching the sky.
public/en_00573.wav,in the hope of seeing that sight.
public/en_00574.wav,judith has spared no effort to learn assamese.
public/en_00575.wav,besides learning assamese culture and language.
public/en_00576.wav,she has immediately consented to go to guwahati.
public/en_00577.wav,and be my life partner.
public/en_00578.wav,after letting prabal ramble on for a while.
public/en_00579.wav,judith quipped in.
public/en_00580.wav,it is i who have a rhino skin.
public/en_00581.wav,not your friend otherwise after hearing about.
public/en_00582.wav,all the misinformation he has spread about me.
public/en_00583.wav,why am i still continuing this relationship.
public/en_00584.wav,lets stop this nonsense.
public/en_00585.wav,we are meeting.
public/en_00586.wav,you for such a short while.
public/en_00587.wav,we must not waste time on such trivial matters.
public/en_00588.wav,mister dutta i have heard.
public/en_00589.wav,you are a renowned reporter.
public/en_00590.wav,and that a wonderful interview with dr robin banerjee.
public/en_00591.wav,prompted the editor to give you a job.
public/en_00592.wav,as a reporter you must have travelled.
public/en_00593.wav,all over assam and collected a lot of information.
public/en_00594.wav,so you must obviously have some news about assams.
public/en_00595.wav,wild life i dont know why but.
public/en_00596.wav,i have always been attracted to elephants.
public/en_00597.wav,ever since i was a child.
public/en_00598.wav,in spite of all the nonsense.
public/en_00599.wav,prabal uttered about me.
public/en_00600.wav,he was right in this matter.
public/en_00601.wav,that is why besides my own country.
public/en_00602.wav,i am very interested in.
public/en_00603.wav,knowing about elephants from assam and india.
public/en_00604.wav,i pester prabal with questions.
public/en_00605.wav,how can he speak.
public/en_00606.wav,i about the present situation regarding elephants.
public/en_00607.wav,prabal spoke up again.
public/en_00608.wav,since i cannot speak about the present situation.
public/en_00609.wav,i tell her elephant stories from the past.
public/en_00610.wav,the story of airabaat the elephant of god.
public/en_00611.wav,indra who raided the old mans garden.
public/en_00612.wav,and stole cabbage from the old couple.
public/en_00613.wav,who went to heaven clutching onto the elephants tail.
public/en_00614.wav,the story of the transplanted elephant head of lord ganesh.
public/en_00615.wav,a story of organ transplant.
public/en_00616.wav,i have told judith all these stories.
public/en_00617.wav,and legends concerning elephants.
public/en_00618.wav,now she even knows the assamese nursery rhyme.
public/en_00619.wav,hatit uthi prmimm ghoroloi jai by heart.
public/en_00620.wav,she even knows about the film.
public/en_00621.wav,hathi mere saathi.
public/en_00622.wav,and you know what balen.
public/en_00623.wav,we shall honeymoon in kaziranga.
public/en_00624.wav,they still have elephant rides.
public/en_00625.wav,in the forests to see rhinos at kaziranga.
public/en_00626.wav,or have the poachers butchered all the rhinos.
public/en_00627.wav,with government convenience.
public/en_00628.wav,if that has happened.
public/en_00629.wav,our whole plan will be ruined.
public/en_00630.wav,you know balen.
public/en_00631.wav,when i was in india.
public/en_00632.wav,i heard of a hindi movie.
public/en_00633.wav,named honeymoon in honolulu.
public/en_00634.wav,our honeymoon could be phrased as.
public/en_00635.wav,honeymoon on hatis howdah.
public/en_00636.wav,this time judith cried out.
public/en_00637.wav,for gods sake.
public/en_00638.wav,prabal stop your banter.
public/en_00639.wav,i want to know.
public/en_00640.wav,so much about the elephants from your friend.
public/en_00641.wav,dont worry miss garfield.
public/en_00642.wav,i shall tell you everything.
public/en_00643.wav,i know about the elephants.
public/en_00644.wav,but before that.
public/en_00645.wav,let me pour some cold water over your.
public/en_00646.wav,and prabals honeymoon.
public/en_00647.wav,i had once come across.
public/en_00648.wav,an article in our paper.
public/en_00649.wav,which had quoted aldous huxley.
public/en_00650.wav,terming elephants as chronic earthquakes so honeymooning.
public/en_00651.wav,on elephant back would mean a constant earthquake.
public/en_00652.wav,and an immediate fall causing injuries.
public/en_00653.wav,i call you judith when you go to assam.
public/en_00654.wav,we will become firm friends.
public/en_00655.wav,how fortunate i am judith.
public/en_00656.wav,completely forget this fellows existence.
public/en_00657.wav,but for all the banter.
public/en_00658.wav,prabal knows a lot about the elephants.
public/en_00659.wav,because when he was in assam.
public/en_00660.wav,some happening had occurred.
public/en_00661.wav,perhaps he has told you about it.
public/en_00662.wav,about elephants stopping cars searching for food.
public/en_00663.wav,so you know about it.
public/en_00664.wav,at first people found their behaviour strange.
public/en_00665.wav,and were amused.
public/en_00666.wav,but it was not an isolated case.
public/en_00667.wav,it has been seen.
public/en_00668.wav,in kaziranga and nambor forests.
public/en_00669.wav,numerous elephants had come out of.
public/en_00670.wav,the deep forests to stop cars and demand food.
public/en_00671.wav,some days back.
public/en_00672.wav,in one of our dailies.
public/en_00673.wav,a very well researched and lengthy article had come.
public/en_00674.wav,out with the title elephant with a begging bowl.
public/en_00675.wav,but actually the incident happened.
public/en_00676.wav,deforestation has been continuing for a long time.
public/en_00677.wav,the corrupt forest officers abetted by the.
public/en_00678.wav,governments liberal attitude.
public/en_00679.wav,or cooperation have completely denuded assams.
public/en_00680.wav,thick forest cover.
public/en_00681.wav,moreover infiltrators have entered the deepest jungles.
public/en_00682.wav,and depleted the heart of the jungles.
public/en_00683.wav,as a result one hardly realises as.
public/en_00684.wav,one enters the jungles that deep inside.
public/en_00685.wav,it is not the wild animals.
public/en_00686.wav,but the infiltrators who are reigning supreme.
public/en_00687.wav,as a result elephants deprived of the.
public/en_00688.wav,vegetation that supplies them food are forced to come.
public/en_00689.wav,out and approach humans with begging bowls.
public/en_00690.wav,see how we have reduced this masive.
public/en_00691.wav,noble animal to such a pitiable.
public/en_00692.wav,impoverished condition.
public/en_00693.wav,prabal now said in a sober tone.
public/en_00694.wav,i dont know where i read it.
public/en_00695.wav,i heard on the bbc news.
public/en_00696.wav,elephants are going on a rampage.
public/en_00697.wav,and many people have been killed in assam.
public/en_00698.wav,for some time.
public/en_00699.wav,there has been a rampage by wild elephants.
public/en_00700.wav,but this has been result.
public/en_00701.wav,the destruction of the forests.
public/en_00702.wav,the poor creatures where would they live.
public/en_00703.wav,what would they eat.
public/en_00704.wav,as a result they have been destroying.
public/en_00705.wav,peoples homes trampling people to death.
public/en_00706.wav,or goring them with their tusks.
public/en_00707.wav,and looting all foodstuffs.
public/en_00708.wav,but as i have said what alternative.
public/en_00709.wav,So they have to survive.
public/en_00710.wav,sometime back i had gone to bhalukpung.
public/en_00711.wav,i go there now and then this time.
public/en_00712.wav,i was totally dismayed.
public/en_00713.wav,if forests are destroyed like this and.
public/en_00714.wav,the government does not take any steps.
public/en_00715.wav,the people do not become.
public/en_00716.wav,aware of the environment.
public/en_00717.wav,one day the forests will be completely destroyed.
public/en_00718.wav,and the atrocities by the elephants will increase.
public/en_00719.wav,then what will the government do.
public/en_00720.wav,kill the elephants at random.
public/en_00721.wav,a shiver seemed to run down judiths body.
public/en_00722.wav,elephants are dying in our land too.
public/en_00723.wav,in africa it is not a new thing.
public/en_00724.wav,to hear of elephants being killed for their tusks.
public/en_00725.wav,but now the incidents have increased drastically.
public/en_00726.wav,you know why.
public/en_00727.wav,there have been internecine clashes.
public/en_00728.wav,between the various tribes.
public/en_00729.wav,for which everybody needs weapons.
public/en_00730.wav,but from where do the people.
public/en_00731.wav,this underdeveloped region get weapons.
public/en_00732.wav,therefore there has been a large.
public/en_00733.wav,scale massacre of elephants.
public/en_00734.wav,after selling the tusks.
public/en_00735.wav,they are using the money to procure arms.
public/en_00736.wav,judiths face was full of sorrow.
public/en_00737.wav,now balen tried to lighten up the atmosphere.
public/en_00738.wav,by saying being a journalist gives.
public/en_00739.wav,one a lot of experiences.
public/en_00740.wav,that day our editor had read something out to us.
public/en_00741.wav,a press release that a man had.
public/en_00742.wav,sent to our paper.
public/en_00743.wav,you know what it was about.
public/en_00744.wav,the man wanted to express his condolence.
public/en_00745.wav,the elephants at their being ruthlessly slaughtered.
public/en_00746.wav,there really are crazy people in this world.
public/en_00747.wav,prabal joined in the laughter.
public/en_00748.wav,then he said judith.
public/en_00749.wav,it is i late we should be going.
public/en_00750.wav,judith rose and said.
public/en_00751.wav,oh you will find it very cold outside.
public/en_00752.wav,can you see how the snowflakes are falling.
public/en_00753.wav,before going have some more coffee.
public/en_00754.wav,mister dutta do you have enough.
public/en_00755.wav,warm clothes to face the cold.
public/en_00756.wav,you dont realize it.
public/en_00757.wav,because of the central heating.
public/en_00758.wav,but outside it is really cold.
public/en_00759.wav,see how the snowflakes are falling.
public/en_00760.wav,balen smiled and said.
public/en_00761.wav,prabal has given me his bakie jacket.
public/en_00762.wav,i was wearing it when i came in.
public/en_00763.wav,you probably did not notice.
public/en_00764.wav,i was looking almost like an elephant.
public/en_00765.wav,after that he rose and watched.
public/en_00766.wav,the snowcovered landscape through the window.
public/en_00767.wav,this was a novel sight for him.
public/en_00768.wav,judith switched on the electrickettle and started sitting.
public/en_00769.wav,the coffee cups on a tray.
public/en_00770.wav,prabal however did not get up.
public/en_00771.wav,lifting his legs onto the table.
public/en_00772.wav,in front and watching the scene outside.
public/en_00773.wav,through the window.
public/en_00774.wav,he began to hum the jim reeves number.
public/en_00775.wav,snowflakes my pretty little snowflakes.
public/en_00776.wav,you got me warm as a fire with a burning desire.
public/en_00777.wav,but although all the three were immersed in.
public/en_00778.wav,their own private worlds.
public/en_00779.wav,in each ones minds eye.
public/en_00780.wav,there dangled an elephant.
public/en_00781.wav,a year later prabal married judith.
public/en_00782.wav,and brought her to guwahati.
public/en_00783.wav,like he had promised to do.
public/en_00784.wav,he directed her gaze towards the kalapahar elephant.
public/en_00785.wav,but was astonished by the spectacle.
public/en_00786.wav,he now saw who had done.
public/en_00787.wav,this to the elephant.
public/en_00788.wav,for a moment he lost all sense of time and space.
public/en_00789.wav,judith stood beside him.
public/en_00790.wav,and with fearful eyes.
public/en_00791.wav,he could only stare from their verandah.
public/en_00792.wav,at the vast elephant a mutilated body.
public/en_00793.wav,the tv tower like a giant spear piercing it.
public/en_00794.wav,as if some demonic viswakarma had gauged out pieces from here.
public/en_00795.wav,placed some ugly box like houses on him.
public/en_00796.wav,as a result of which the bluish green beauty.
public/en_00797.wav,yester years was gone forever.
public/en_00798.wav,so modern mechanized.
public/en_00799.wav,science was not confined to america.
public/en_00800.wav,but he had spread out its tentalacs.
public/en_00801.wav,to even far off assam.
public/en_00802.wav,assailed by some unknown fear.
public/en_00803.wav,he clutched judiths hand tightly.
public/en_00804.wav,the newspaper was bringing out in serial form.
public/en_00805.wav,brief accounts of the lives of a class.
public/en_00806.wav,people engaged in diligent labour.
public/en_00807.wav,earning low incomes.
public/en_00808.wav,gatekeepers of cinema halls the chanawalla.
public/en_00809.wav,the night chowkidar tailor boy at the stall.
public/en_00810.wav,the handyman of a bus.
public/en_00811.wav,all such folks were to be presented as heroes.
public/en_00812.wav,the serialised compositions.
public/en_00813.wav,the owner of the newspaper and the editor wanted.
public/en_00814.wav,there should be some measure of discussion.
public/en_00815.wav,the lower class of people in society.
public/en_00816.wav,who remain in the background.
public/en_00817.wav,the reading public ought to be introduced.
public/en_00818.wav,their means of livelihood.
public/en_00819.wav,a picture of their joys and sorrows.
public/en_00820.wav,the tears and laughter of this class.
public/en_00821.wav,ought to be presented to the common man.
public/en_00822.wav,this particular column had become very popular.
public/en_00823.wav,a photo of gatekeeper horeswar standing.
public/en_00824.wav,on a bright afternoon in front of the open doors.
public/en_00825.wav,an empty cinema hall has appeared.
public/en_00826.wav,the story of his major grievance.
public/en_00827.wav,he had never been able to see the beginning.
public/en_00828.wav,ind half of most of the pictures had been published.
public/en_00829.wav,with the tin of chana hanging from his shoulder.
public/en_00830.wav,the photo of ram prasad has been featured.
public/en_00831.wav,an interesting account that his children.
public/en_00832.wav,are not at all keen about chana.
public/en_00833.wav,an description of night chowkidar krishnas life.
public/en_00834.wav,who lived with his wife in a house.
public/en_00835.wav,three miles away from the office.
public/en_00836.wav,their fanciful adjustments in considering.
public/en_00837.wav,the day as night and the night as day.
public/en_00838.wav,had also been published.
public/en_00839.wav,an assessment of the satisfaction.
public/en_00840.wav,tailor niranjan derives on seeing the smiling.
public/en_00841.wav,young girls wearing the blouses.
public/en_00842.wav,he had stitched as they walk past his shop.
public/en_00843.wav,also been made in the column.
public/en_00844.wav,the account that rajen the hotel boy.
public/en_00845.wav,who always had an upset stomach.
public/en_00846.wav,whenever he drank more than two cups of tea.
public/en_00847.wav,even found expression.
public/en_00848.wav,an attempt had been made to psychologically.
public/en_00849.wav,analyse the peculiar behaviour of nurul the handyman.
public/en_00850.wav,who loved to hang from the door of the bus.
public/en_00851.wav,even though there were many vacant seats inside.
public/en_00852.wav,this column has really gained in popularity.
public/en_00853.wav,in the last issue it had been announced.
public/en_00854.wav,the forthcoming issue press compositor jadav das.
public/en_00855.wav,jadav das works in the press of a newspaper.
public/en_00856.wav,the forthcoming issue press compositor jadav das.
public/en_00857.wav,when the draft of this topic.
public/en_00858.wav,came out from the editors cubicle.
public/en_00859.wav,there was almost a amidst the seventeen compositors.
public/en_00860.wav,many of them cried out.
public/en_00861.wav,jadav will have to treat them to tea.
public/en_00862.wav,a full page on yadav das.
public/en_00863.wav,along with a photograph.
public/en_00864.wav,would be featured on page fifteen.
public/en_00865.wav,this line be composed using forty sixth point.
public/en_00866.wav,the people were quite happy about it.
public/en_00867.wav,jadav deserved this honour.
public/en_00868.wav,though he had only recently joined this press.
public/en_00869.wav,he was a very old and experienced compositor.
public/en_00870.wav,working till morning with the light.
public/en_00871.wav,in his left hand and forceps in his right hand.
public/en_00872.wav,climbing on top of the machine.
public/en_00873.wav,making corrections till the last moment.
public/en_00874.wav,jadav das was popular and amiable.
public/en_00875.wav,he was the first secretary of the union workers.
public/en_00876.wav,the press established this year.
public/en_00877.wav,jadavs mind was filled with a mild excitement.
public/en_00878.wav,he had composed many topics.
public/en_00879.wav,many a tale had passed through his fingers.
public/en_00880.wav,but his name had never appeared in printed letters.
public/en_00881.wav,this time there will be a whole page on him.
public/en_00882.wav,what would be written.
public/en_00883.wav,the paper is published on sunday.
public/en_00884.wav,a photographer of organisation arrived at jadavs house.
public/en_00885.wav,a photograph of jadav could have snapped.
public/en_00886.wav,the premises of the press.
public/en_00887.wav,the editor wanted that a family photograph of jadav das.
public/en_00888.wav,the cameraman told jadav to be ready.
public/en_00889.wav,before he arrived.
public/en_00890.wav,there was not much that jadav needed.
public/en_00891.wav,to get ready but his wife had been busy.
public/en_00892.wav,the children preparing for the photograph.
public/en_00893.wav,she dressed up her children very carefully.
public/en_00894.wav,whatever clothes they possessed.
public/en_00895.wav,trying to make them as presentable as possible.
public/en_00896.wav,she applied oil on their hair.
public/en_00897.wav,rubbed her oily palms on their faces.
public/en_00898.wav,arms and the portion below their knees.
public/en_00899.wav,now dont round around she warned the children.
public/en_00900.wav,she turned her attention to herself.
public/en_00901.wav,she was worried.
public/en_00902.wav,he children would spoil their clothes.
public/en_00903.wav,as they skipped and ran about.
public/en_00904.wav,she had been longing for a photograph.
public/en_00905.wav,her husband and children for a long time.
public/en_00906.wav,began to get ready.
public/en_00907.wav,this photo would appear in the newspaper.
public/en_00908.wav,lakhs and lakhs would see it.
public/en_00909.wav,the womans heart seemed to beat very fast.
public/en_00910.wav,an assistant editor summoned jadav.
public/en_00911.wav,his cubicle and asked a lot of things about his life.
public/en_00912.wav,on friday jadav saw a copy of the photograph.
public/en_00913.wav,the photo came out very well.
public/en_00914.wav,this was indeed something that he had gained.
public/en_00915.wav,he personally could never have been able.
public/en_00916.wav,make arrangements for such a photograph.
public/en_00917.wav,the block had already been prepared.
public/en_00918.wav,jadav asked and took the copy of the photo.
public/en_00919.wav,on saturday the draft of the introduction.
public/en_00920.wav,jadavs life came out from the editors cubicle.
public/en_00921.wav,it was decided by all the compositors.
public/en_00922.wav,jadav be allowed to compose the writeup on his life.
public/en_00923.wav,a little shely jadav began to work on it.
public/en_00924.wav,before looking for the letters in.
public/en_00925.wav,the cases he once read the whole writeup.
public/en_00926.wav,he was very eager to know.
public/en_00927.wav,what was written about him.
public/en_00928.wav,in his enthusiasm he finished reading.
public/en_00929.wav,the whole page within a very short time.
public/en_00930.wav,but the moment he finished reading.
public/en_00931.wav,his face became grave and solemn.
public/en_00932.wav,remaining motionless for some time.
public/en_00933.wav,he began to work on the writeup.
public/en_00934.wav,picking up the letters one by one.
public/en_00935.wav,he began to compose the details.
public/en_00936.wav,his own life that had been written.
public/en_00937.wav,by some other person.
public/en_00938.wav,the precise time he took to prepare.
public/en_00939.wav,every word kept him engrossed in his thoughts.
public/en_00940.wav,the same period one by one.
public/en_00941.wav,each of the sentences passed through his fingers.
public/en_00942.wav,each of the sentences pierced him like a pinprick.
public/en_00943.wav,gradually he began to feel very uneasy.
public/en_00944.wav,disturbed and frustrated and towards midnight.
public/en_00945.wav,when he finished composing the last paragraph.
public/en_00946.wav,he was becoming angry.
public/en_00947.wav,why write a pack of lies.
public/en_00948.wav,many articles about eminent people had passed.
public/en_00949.wav,how much truth was there in all.
public/en_00950.wav,how much lies he did not have.
public/en_00951.wav,the means to find out at that time.
public/en_00952.wav,but something that was to be published.
public/en_00953.wav,about his own life.
public/en_00954.wav,which was very untrue.
public/en_00955.wav,after passing through his own fingers.
public/en_00956.wav,something that he would not tolerate.
public/en_00957.wav,when the last part of the proof came.
public/en_00958.wav,out from the editors cubicle for correction.
public/en_00959.wav,jadav became very restless.
public/en_00960.wav,he was an expert compositor.
public/en_00961.wav,there were almost no mistakes in the proof.
public/en_00962.wav,barring a few anomalies in semicolons and commas.
public/en_00963.wav,the last block was inserted into the machine.
public/en_00964.wav,on the last night.
public/en_00965.wav,on saturday the late nights duty fell on jadav alone.
public/en_00966.wav,he got a break of two hours for dinner.
public/en_00967.wav,tonight at midnight.
public/en_00968.wav,before compiling the last block.
public/en_00969.wav,jadav took up some letters in his left hand.
public/en_00970.wav,the forceps in his right and approached the block.
public/en_00971.wav,he would make the real corrections now.
public/en_00972.wav,if such lies were to be published.
public/en_00973.wav,many expert compositors like him would be.
public/en_00974.wav,it had already been stated in the life story.
public/en_00975.wav,jadav is a skilled and straight forward compositor.
public/en_00976.wav,in one place it said working throughout the night.
public/en_00977.wav,jadav would come back to the press.
public/en_00978.wav,the next morning with a smile.
public/en_00979.wav,jadav replaced the word smile with sullen.
public/en_00980.wav,it was written below the photo.
public/en_00981.wav,jadav das happy family.
public/en_00982.wav,with his wife two sons and a daughter.
public/en_00983.wav,jadav changed the word happy to sad.
public/en_00984.wav,with the little income earned.
public/en_00985.wav,jadavs wife was always contented.
public/en_00986.wav,jadav turned contented to discontented.
public/en_00987.wav,jadav das believed from his long experience.
public/en_00988.wav,one day there would open a new path before him.
public/en_00989.wav,jadav changed the new path to dead ind.
public/en_00990.wav,after the days work.
public/en_00991.wav,jadav derived much peace on seeing his children.
public/en_00992.wav,he changed the word peace to tornament.
public/en_00993.wav,making all the corrections.
public/en_00994.wav,jadav das stuffed all the papers.
public/en_00995.wav,the first proof into his pocket.
public/en_00996.wav,he would take them home and set fire to them.
public/en_00997.wav,rajib hadn't got up from bed yet.
public/en_00998.wav,if he wasn't shaken awake he never got up.
public/en_00999.wav,therefore among minas chores of the morning.
public/en_01000.wav,dragging a husband out of sleep was paramanent.
public/en_01001.wav,it was no mean task.
public/en_01002.wav,because rajib really resisted walking up.
public/en_01003.wav,it was as if he was still a schoolboy.
public/en_01004.wav,mina his mother was waiting.
public/en_01005.wav,the child had to be woken up.
public/en_01006.wav,his breakfast made ready.
public/en_01007.wav,he would have to be goaded to leave the house.
public/en_01008.wav,he had to be dispatched to this early school.
public/en_01009.wav,his tiffin packed up.
public/en_01010.wav,for a school boy didn't she have to worry.
public/en_01011.wav,do things exactly like this.
public/en_01012.wav,why don't you get up.
public/en_01013.wav,its already seven when are you going to office.
public/en_01014.wav,rajib worked in a central government office.
public/en_01015.wav,in delhi an hour away.
public/en_01016.wav,the place where his office was located.
public/en_01017.wav,in this sprawling city.
public/en_01018.wav,he had to get out of the house before nine.
public/en_01019.wav,catch the bus on time after the mornings essential activities.
public/en_01020.wav,he simply had to get up at seven.
public/en_01021.wav,yet rajib was immensely lethargic.
public/en_01022.wav,in the matter of getting up early.
public/en_01023.wav,mina had to wake up rajib.
public/en_01024.wav,she would wake up school getting.
public/en_01025.wav,jaguas mother who lived nearby.
public/en_01026.wav,didnt have to shove her son awake.
public/en_01027.wav,jagua was about five or six years old.
public/en_01028.wav,he was not of an age to start.
public/en_01029.wav,there was no school in the village.
public/en_01030.wav,consequently there was no compulsion to get up early.
public/en_01031.wav,till jagua emerged from his jhuggi before the sun rose.
public/en_01032.wav,pushing aside a door of sackcloth.
public/en_01033.wav,around evening or night perhaps he defecated too.
public/en_01034.wav,because a tribal stanch rose from the place.
public/en_01035.wav,mina got up around the same time opened the door.
public/en_01036.wav,strolled out to their verandah without washing her face.
public/en_01037.wav,the newspaper bound up with a black rubberband.
public/en_01038.wav,a black rubberband was laying there in a corner.
public/en_01039.wav,although it was so early.
public/en_01040.wav,mina bent down to pick up the paper.
public/en_01041.wav,freeing the paper from its shackle of the rubberband.
public/en_01042.wav,a few red and blue pieces of paper floated out.
public/en_01043.wav,the newspaper where they were tucked in.
public/en_01044.wav,lightly landed on the floor.
public/en_01045.wav,at first mina used to pick up these papers.
public/en_01046.wav,look at their contents before she read the newspaper.
public/en_01047.wav,but now let alone read them.
public/en_01048.wav,she didnt cast a sideways glance.
public/en_01049.wav,the crisp red and blue papers laying on the ground.
public/en_01050.wav,let them lie around like that.
public/en_01051.wav,after some time kanchi would come and sweep them away.
public/en_01052.wav,it was nothing but trash.
public/en_01053.wav,really the people here were loaded with money.
public/en_01054.wav,and they knew how to earn money.
public/en_01055.wav,otherwise would they spend so much on private advertisements.
public/en_01056.wav,what a wide variety of advertisements.
public/en_01057.wav,found in these red and blue leaves of paper.
public/en_01058.wav,which mina read so avid at first.
public/en_01059.wav,an english medium school for small children.
public/en_01060.wav,it was opened a kirti nagar.
public/en_01061.wav,the principal was experienced educated and responsible.
public/en_01062.wav,the guardians should immediately enrol their children.
public/en_01063.wav,the school to ensure their futures.
public/en_01064.wav,doctor narayans coaching class for college going students.
public/en_01065.wav,adjacent to the bus depot at saraswati vihar.
public/en_01066.wav,coaching here was cheap very cheap and seats limited.
public/en_01067.wav,so please enquire today to avoid disappointment.
public/en_01068.wav,doctor ploip thomas eye clinic was located.
public/en_01069.wav,the third floor of D D A flats thirty four rohini marg.
public/en_01070.wav,he is an optician at ram manohar lohia hospital.
public/en_01071.wav,get your eyes checked by him.
public/en_01072.wav,colourful trades and colourful ads.
public/en_01073.wav,mina had been tempted by an advertisement in such a brochure.
public/en_01074.wav,the address was two c pocket uv shalimar bagh.
public/en_01075.wav,english speaking was taught here.
public/en_01076.wav,mina had studied in the assamese medium.
public/en_01077.wav,tarini charan high school from a young age.
public/en_01078.wav,she was married to rajib.
public/en_01079.wav,after passing her B A from handique college.
public/en_01080.wav,she was not bad in studies.
public/en_01081.wav,but she couldn't speak english properly.
public/en_01082.wav,it wouldn't have mattered really.
public/en_01083.wav,the nature of rajibs job was.
public/en_01084.wav,such that he would have to roam all over india.
public/en_01085.wav,if she couldn't handle english language fluently.
public/en_01086.wav,mina had carefully preserved that particular ad.
public/en_01087.wav,she was too bashful to reveal her desire.
public/en_01088.wav,to enroll in that institution to rajib.
public/en_01089.wav,the businessmen hacked their trade and professions.
public/en_01090.wav,these colourful pieces of paper.
public/en_01091.wav,came to some understanding with the newspaper vendors.
public/en_01092.wav,the advertisement brochures were distributed in peoples homes.
public/en_01093.wav,when mina first arrived in delhi.
public/en_01094.wav,she had found these advertisements novel.
public/en_01095.wav,but she didnt find them so any longer.
public/en_01096.wav,now these papers only managed to rik her a little.
public/en_01097.wav,they simply messed up the place.
public/en_01098.wav,after picking up the newspaper.
public/en_01099.wav,minas gaze inevitably swivelled to the nearby jhuggi.
public/en_01100.wav,when jagua came out from this jhuggi.
public/en_01101.wav,that was no larger than a coffin.
public/en_01102.wav,mina felt as if jagua was also squeezed tight inside.
public/en_01103.wav,the newspaper squeezed inside the rubberband.
public/en_01104.wav,like the newspaper whose rubber bond was released by mina.
public/en_01105.wav,he too was freed from bondage.
public/en_01106.wav,he emerged from the shanty and stretched his limbs.
public/en_01107.wav,the house that mina and her husband had taken on rent.
public/en_01108.wav,it was in new delhi and was expanding in this direction.
public/en_01109.wav,houses were being built here all the time.
public/en_01110.wav,many house owners had erased foundations for building houses.
public/en_01111.wav,many others had kept their houses vacant after building them.
public/en_01112.wav,mina realized that those houses were not lying empty.
public/en_01113.wav,because there were no perspective tenants.
public/en_01114.wav,in fact there was no dearth of tenants in delhi.
public/en_01115.wav,but once tenants got in.
public/en_01116.wav,it was difficult to dislodge them.
public/en_01117.wav,the house owners wouldn't be able to move.
public/en_01118.wav,when they really needed a place to stay.
public/en_01119.wav,many of these owners were working in some distant places.
public/en_01120.wav,on the verge of retirement.
public/en_01121.wav,or were staying in delhi itself.
public/en_01122.wav,government quarters from where their offices were near.
public/en_01123.wav,the educational institutes for their children also near.
public/en_01124.wav,the sparsely populated locality seemed like a ghost.
public/en_01125.wav,town in some western movie.
public/en_01126.wav,even the great market complex.
public/en_01127.wav,the building stood like an epitome of disolation.
public/en_01128.wav,the picture of a ghost town.
public/en_01129.wav,after rajib left for office.
public/en_01130.wav,a kind of dumb silence.
public/en_01131.wav,weighed down on minas breast in this bleak place.
public/en_01132.wav,therefore she regarded jagua.
public/en_01133.wav,his family living in the nearby jhuggi.
public/en_01134.wav,as sources of mental solace and companionship.
public/en_01135.wav,this family also vanished in the morning.
public/en_01136.wav,sometimes they came back around noon.
public/en_01137.wav,sometimes they didnt.
public/en_01138.wav,after laying down on bed after lunch with a book.
public/en_01139.wav,mina pricked up her ears too.
public/en_01140.wav,catch the voice of jagua and his family.
public/en_01141.wav,instead of concentrating on the book.
public/en_01142.wav,even if they didnt return at noon.
public/en_01143.wav,they arrived in the evening with great commotion.
public/en_01144.wav,the raveyard stillness of the ghost town.
public/en_01145.wav,mina and her husband had taken the house.
public/en_01146.wav,on lease for a year after duly paying an advance.
public/en_01147.wav,they had not run into bharadwaj.
public/en_01148.wav,whom they knew in assam.
public/en_01149.wav,the house owner would never have let out to them.
public/en_01150.wav,vinod nahata was not only bharadwajs friend.
public/en_01151.wav,he would also be bharadwajs neighbour one day.
public/en_01152.wav,the land on which jagua.
public/en_01153.wav,his family had their shanty belonged to bharadwaj.
public/en_01154.wav,bharadwaj said that once his houseloan was sanctioned.
public/en_01155.wav,he would start building on this land.
public/en_01156.wav,then jaguas family would have to leave.
public/en_01157.wav,very soon their jhuggi might be torn down.
public/en_01158.wav,and in its place a splendid house would be constructed.
public/en_01159.wav,the labourers who lived in jhuggis like the one.
public/en_01160.wav,where jagua dwelt with his family.
public/en_01161.wav,mina had never seen shanties like this before.
public/en_01162.wav,a small structure somewhat like an eskimos igloo.
public/en_01163.wav,it had been put together.
public/en_01164.wav,bricks from here and there and layering and binding them with mud.
public/en_01165.wav,perhaps an igloo would be larger than this shanty.
public/en_01166.wav,mina was astonished how did jagua.
public/en_01167.wav,his parents brother and sister live in that teny house.
public/en_01168.wav,it was as if jagua and his family members shrank in size.
public/en_01169.wav,like the genie in a bottle in an arabian tale.
public/en_01170.wav,in order to squeeze into their home.
public/en_01171.wav,the roof of plastic sheets.
public/en_01172.wav,torn and tattered gunnysacks seemed to further press down.
public/en_01173.wav,when jaguas parents pushed aside the certain.
public/en_01174.wav,their only door to enter the shanty.
public/en_01175.wav,mina got a fleeting glimpse of the interior.
public/en_01176.wav,which was a source of great wonder and curiosity for her.
public/en_01177.wav,strange inside that there was a small cave.
public/en_01178.wav,a bed wrapped around with rags in one corner.
public/en_01179.wav,a small and battered trunk.
public/en_01180.wav,an aluminium karhai and a few plates.
public/en_01181.wav,there was also a locked and covered rusty old tin.
public/en_01182.wav,when mina saw flour being taken out of that tin.
public/en_01183.wav,the familys most precious possession was hoarded in that eceptacle.
public/en_01184.wav,which was also locked up for good measure.
public/en_01185.wav,otherwise there was a possibility.
public/en_01186.wav,in their absence some pauper or a thief might push.
public/en_01187.wav,through that door of gunnysacks and pilfer the flour.
public/en_01188.wav,something of the sort had already happened in the past.
public/en_01189.wav,and thats why the tin was locked up.
public/en_01190.wav,however after observing the condition of jaguas family.
public/en_01191.wav,she feels even a poor .
public/en_01192.wav,they wouldnt take the trouble to ransack their box.
public/en_01193.wav,they had another possession which lay right near their doorstep.
public/en_01194.wav,and not inside the jhuggi.
public/en_01195.wav,this was a chula or a kind stove.
public/en_01196.wav,which was lit by jaguas mother in the evening to make rotis.
public/en_01197.wav,once in a while she made some curries too.
public/en_01198.wav,otherwise their nights repast consisted only of the rotis.
public/en_01199.wav,the flames that leaped up from the chula.
public/en_01200.wav,clearly displays the features of the family.
public/en_01201.wav,which gobbled the rotis near their jhuggi by the light of the chulas fire.
public/en_01202.wav,at that time semi darkness presented a prehistoric tableau to mina.
public/en_01203.wav,actually they were like ghosts in this ghost town.
public/en_01204.wav,not that mina felt any surge of pity.
public/en_01205.wav,when she saw the frugal meal being eaten.
public/en_01206.wav,it seemed as if the hot and puffed rotis would be very tasty.
public/en_01207.wav,mina herself failed to make such hot and puffed rotis.
public/en_01208.wav,despite of her best efforts.
public/en_01209.wav,roti and not rice was a staple diet for people in these parts.
public/en_01210.wav,these people were bound to be more adapt at making rotis.
public/en_01211.wav,however while the hot rotis themselves were inviting.
public/en_01212.wav,mina felt that the entire atmosphere was so squalid.
public/en_01213.wav,when she really thought about one of those rotis.
public/en_01214.wav,this spectral lot wearing dirty rags.
public/en_01215.wav,a veritable hell out of the place where they dwelt.
public/en_01216.wav,curiosity drew minas gaze in their direction.
public/en_01217.wav,as her gaze fell on that hell she averted her eyes.
public/en_01218.wav,the tiny rickety baby might be suffering from malnutrition.
public/en_01219.wav,and may not have enough to feed on.
public/en_01220.wav,it was amazing the amount of stool and urine it could evict from its body.
public/en_01221.wav,they must be feeding her some awful stuff.
public/en_01222.wav,the watery stool often stained the ground near.
public/en_01223.wav,they were now engaged in the construction of the new houses.
public/en_01224.wav,which were being built.
public/en_01225.wav,she took her children along.
public/en_01226.wav,they purchased itself and ate.
public/en_01227.wav,there was no great problem.
public/en_01228.wav,someone was bound to run.
public/en_01229.wav,at least a temporary eating.
public/en_01230.wav,joint near these construction sites.
public/en_01231.wav,the four of them managed on what husband and wife earned.
public/en_01232.wav,however they had to save a little too.
public/en_01233.wav,for the times when there wouldn't be any employment.
public/en_01234.wav,when jagua grew a little bigger.
public/en_01235.wav,it would be a big relief.
public/en_01236.wav,he could also be put to work.
public/en_01237.wav,how did previous die.
public/en_01238.wav,when he went to gather bullet shells.
public/en_01239.wav,one unexploded shell suddenly burst.
public/en_01240.wav,taking off his head and limbs.
public/en_01241.wav,mina was momentarily stunned by this casual revelation by jaguas mother.
public/en_01242.wav,a shudder passed through her body.
public/en_01243.wav,only a few days earlier she had read a report.
public/en_01244.wav,in madhya pradesh the police were given fire arm training.
public/en_01245.wav,some of the bullets used for this training didnt explode.
public/en_01246.wav,sometimes met with sudden death.
public/en_01247.wav,when the shells exploded in their faces suddenly.
public/en_01248.wav,so jagua had lost his real father.
public/en_01249.wav,the incidents that mina had read about in the newspapers.
public/en_01250.wav,mina couldn't while away all her hours in delhi.
public/en_01251.wav,simply by surveying jaguas family.
public/en_01252.wav,she didnt really see them for more than ten to fifteen minutes a day.
public/en_01253.wav,some days she spent roaming around the streets of delhi.
public/en_01254.wav,initially she couldnt travel alone.
public/en_01255.wav,although the mother cleaned up from time to time.
public/en_01256.wav,in the arid climate of delhi people.
public/en_01257.wav,normally didn't have a problem of running noses.
public/en_01258.wav,an unending stream of mucus issued from jaguas nose.
public/en_01259.wav,he wiped the mucus on the acks.
public/en_01260.wav,hanging from their roof of plastic sheets.
public/en_01261.wav,aggravating the squalor of their hell.
public/en_01262.wav,a lot of dirty refuse was scattered around the jhuggi.
public/en_01263.wav,servant of a new neighbourer also dumb garbage.
public/en_01264.wav,taking advantage of the unoccupied open spaces.
public/en_01265.wav,even the ownerless mongrel dogs capitalized on the situation.
public/en_01266.wav,leaving their excrement on this nomansland.
public/en_01267.wav,the vegetable vendors also threw away their withered.
public/en_01268.wav,rotten vegetables when they reached this spot.
public/en_01269.wav,however jaguas family didn't impose upon mina.
public/en_01270.wav,in any way daily announcing their filthy.
public/en_01271.wav,dirt poor existence in front of her eyes.
public/en_01272.wav,jagua occasionally came and hanging on the iron gate.
public/en_01273.wav,stared at mina reading a book or sewing on the verandah.
public/en_01274.wav,at times like these mina felt a slighty pity for him.
public/en_01275.wav,she went inside to get a biscuit for him.
public/en_01276.wav,one day as mina was giving jagua his biscuit.
public/en_01277.wav,jaguas mother also came and clutching the iron gate.
public/en_01278.wav,she asked mina with a smile about the state from which she came.
public/en_01279.wav,after mina satisfied her curiosity.
public/en_01280.wav,she asked the woman about the state from which she came.
public/en_01281.wav,apparently they were from madhya pradesh.
public/en_01282.wav,after her husband died.
public/en_01283.wav,she also came to delhi with her two children.
public/en_01284.wav,hoping to eke out a livelihood here.
public/en_01285.wav,however apart from gaining means to a.
public/en_01286.wav,she also a gained a husband.
public/en_01287.wav,the baby at her lap was a gift from this second man in her life.
public/en_01288.wav,if rajib didn't find some time for her.
public/en_01289.wav,there was no way she could go out.
public/en_01290.wav,but she had become familiar with my routes and streets now.
public/en_01291.wav,felt no apprehension about riding in buses alone.
public/en_01292.wav,what could she do apart from roaming around.
public/en_01293.wav,rajib went out early in the morning.
public/en_01294.wav,he came back around seven in the evening or even later.
public/en_01295.wav,he didnt always find a bus waiting conveniently for him.
public/en_01296.wav,it was a great distance that he had to travel.
public/en_01297.wav,the super market was near rajibs office.
public/en_01298.wav,sometimes he was late because he dropped.
public/en_01299.wav,in there he do some shopping for the home.
public/en_01300.wav,because all of these reasons.
public/en_01301.wav,it was only rarely rajib could give his wife some company.
public/en_01302.wav,therefore mina rode delhis buses in an almost aimless manner.
public/en_01303.wav,the buses hurtled along very rapidly.
public/en_01304.wav,the bus stops were well shaded by trees and very comfortable.
public/en_01305.wav,sometimes the bus travelled a long way.
public/en_01306.wav,road was lined by trees and forests and parks on both sides.
public/en_01307.wav,all told mina really enjoyed riding aboard delhis buses.
public/en_01308.wav,moreover now it was the middle of march.
public/en_01309.wav,and it was spring in delhi.
public/en_01310.wav,it was not just the pleasant weather.
public/en_01311.wav,which made travelling a joy.
public/en_01312.wav,the flowers that had burst resplendently into bloom.
public/en_01313.wav,everywhere in the city were a sight for sore eyes.
public/en_01314.wav,they animated peoples hearts.
public/en_01315.wav,it was not only in the parks.
public/en_01316.wav,one could see a carnival of flowers.
public/en_01317.wav,the hillock which was the circle.
public/en_01318.wav,which the radial roads led off.
public/en_01319.wav,it was also transformed into a carpet.
public/en_01320.wav,full of colourful flowers by the concerned authorities.
public/en_01321.wav,mina gazed at the splendid display of flowers with rapt.
public/en_01322.wav,admiring eyes and hummed silently to herself.
public/en_01323.wav,because beauty chants a prayer for blooming the whole night.
public/en_01324.wav,the morning is shocked with flowers and flowers.
public/en_01325.wav,really delhis spring intoxicated mina.
public/en_01326.wav,the columnists who wrote the city diaries.
public/en_01327.wav,that appeared in delhis newspapers.
public/en_01328.wav,these were also estatic in their descriptions.
public/en_01329.wav,the spring and of the riot of flowers.
public/en_01330.wav,mina wondered whether these journalists could identify the flowers.
public/en_01331.wav,they named poppy pansy hollyhock carnation ornflower.
public/en_01332.wav,may be they could.
public/en_01333.wav,otherwise how could they compare a pansy to karl marxs head.
public/en_01334.wav,mina started describing these flowers after rajib returned home.
public/en_01335.wav,he released a mock sign.
public/en_01336.wav,my spring disappears into my office files.
public/en_01337.wav,while you enjoy your spring among colourful flowers.
public/en_01338.wav,what a difference of fortune.
public/en_01339.wav,between two creatures living in the same house.
public/en_01340.wav,when mina heard rajib say things like this.
public/en_01341.wav,somehow strayed into her head.
public/en_01342.wav,jaguas familys spring was spent in a far rose manner.
public/en_01343.wav,because it was spent among bricks sand and cement.
public/en_01344.wav,for the last two days jagua hadn't accompanied.
public/en_01345.wav,his parents to the worksite.
public/en_01346.wav,he entire lay upine inside their cave of a shanty.
public/en_01347.wav,sat among the rubbish in front of their home.
public/en_01348.wav,with a forlorn look on his face.
public/en_01349.wav,he said that he had fever thats why he had to stay at home.
public/en_01350.wav,mina realized that jagua was indeed not well.
public/en_01351.wav,he had not promptly and greedily bitten the biscuit given to him.
public/hi_00000.wav,"prasidda kabira adhyeta, purushottama agravala ka yaha shodha alekha, usa ramanamda ki khoja karata hai"
public/hi_00001.wav,"kintu adhunika pamditya, na sirfa eka brahmana ramanamda ke, eka julahe kabira ka guru hone se, balki donom ke samakalina hone se bhi, inakara karata hai"
public/hi_00002.wav,"usa para, ina chara kaviyom ka gahara asara hai"
public/hi_00003.wav,ise kai bara mamchita bhi kiya gaya hai
public/hi_00004.wav,"yaha.n prastuta hai, hindi kavi kathakara, teji grovara ke amgrezi ke marfata kie gae anuvada ke, kucha amsha"
public/hi_00005.wav,"mula se, amgrezi mem lane ka kama, mina kamdasami ne kiya hai, aura amgrezi se hindi anuvada, giriraja kiradu ne"
public/hi_00006.wav,"dusari tarafa, sakshatkara mem ve sumdara ke viruddha, apani rananiti ke bare mem bata karate haim"
public/hi_00007.wav,"ustada bismillaha khana, bharatiya samgita hi nahim, samuche kala samsara mem, eka vilakshana upasthiti rahe"
public/hi_00008.wav,"apane vyaktitva aura vada, donom se, ve shastriya samgita mem eka nae taipa the"
public/hi_00009.wav,"una para do hindi kaviyom ka gadya, isa fichara mem shamila hai"
public/hi_00010.wav,"yatindra mishra ka sura ki baradari, isa nama se, pemgvina yatra se shighra prakashya pustaka se liya gaya hai, jo unaki kala, sthaniya parampara, unake vyaktitva ko, eka satha pa.dhati haim"
public/hi_00011.wav,"ustada ko tribyuta ki taraha likha gaya vyomesha shukla ka gadya, unaki kala ko, samskrritika rajaniti ke, pratirodha ke, samketom ki taraha dekhata hai"
public/hi_00012.wav,"isa amka se hama, eka naya khamda, una kala rupom para arambha kara rahe haim, jinhem loka priya ya paॉpulara kaha jata hai"
public/hi_00013.wav,"basa itana pata hai ki usa zamane mem, eshiya yuropa afrika, aura shayada amerika mahadvipa bhi, apasa mem ju.de hue the"
public/hi_00014.wav,"yuropa ka baya.n hissa afrika ke dahine mem, aura astreliya ka upari pashchimi kinara, aja ke tamilanadu ke bagala mem tha"
public/hi_00015.wav,"matalaba ki, yu ena o jo sapana hamare bhavishya ke lie dekhata hai, vo hamare itihasa mem, pahale hi pura ho chuka hai"
public/hi_00016.wav,"matalaba ki, bhasha eka ekshana nahim, prakrriti ko dekhakara diya gaya hamara riekshana matra hai"
public/hi_00017.wav,"suraja ko dekhakara, hara prajati ke manushya ke mu.nha se, ra hi nikala"
public/hi_00018.wav,"isalie, misra mem bhi surya bhagavana, ra haim, aura simdhu ke isa para bhi, suryavamshi bhagavana ka nama, rama hai"
public/hi_00019.wav,"usamem kaha gaya hai, ki eka zamana tha, jaba puri duniya babilu nama ke eka shahara mem basati thi, aura eka hi bhasha bolati thi"
public/hi_00020.wav,"usa shahara ke logom ne, eka bara, eka ba.di si minara banane ki koshisha ki, itani u.nchi, ki jisa pe cha.dha ke imsana bhagavana ke pasa pahu.ncha jae"
public/hi_00021.wav,"usake dosta, premikae.n, aura rishtedara, use isi nama se bulate the, aura vo bhi, aksara samajha jata tha, ki kvaim usi ko sambodhita hai"
public/hi_00022.wav,"kvaim ki umra takaribana atharaha sala rahi hogi, yani ki, vo navakishora tha, aja ka tinejara"
public/hi_00023.wav,"shikara karana anivarya tha, lekina isa mamale me, kvaim thoda kamazora tha"
public/hi_00024.wav,use jamgali jana varom se dara lagata tha
public/hi_00025.wav,"matalaba ki, kvaim sirfa machaliya.n pakada kara, bahuta dina chaina se nahim raha sakata tha"
public/hi_00026.wav,"usake amdara, jane kaha.n se, eka ajiba sa gussa panapane laga tha"
public/hi_00027.wav,"kabile mem bhi jhaga.de ba.dhane lage, aura kvaim ke muka samarthaka, yani ki kabile ke ba.de loga bhi, aba dhire dhire, usase katane lage"
public/hi_00028.wav,"vo rata ko dera taka jagata, jha.diyom ki avaza mem nae nae svara sunata, aura unhem jo.dakara, kucha banane ki koshisha karata"
public/hi_00029.wav,"para jha.diyom se ai eka avaza dubara nahim ati, hara bara, nai taraha ka svara nikalata, aura kvaim, unhem yada karate karate, jo.date jo.date, pareshana ho jata"
public/hi_00030.wav,"jina dinom barisha hoti, kvaim ki ye ulajhana, aura baढ़ jati"
public/hi_00031.wav,"isalie aba vo, dina bhara avazem ikaththi karata phirata"
public/hi_00032.wav,"jaha.n bhi koi nai dhvani sunata, turamta use doharata"
public/hi_00033.wav,"nadi kinare, do kale gola patthara the, jo eka dusare se raga.dakara, vahi avaza de rahe the"
public/hi_00034.wav,"kvaim ba.di dera taka vaha.n baitha, unako raga.data raha, usake samane eka khazana khula gaya tha"
public/hi_00035.wav,"pattharom mem vo avazem kaida thim, jinhem vo duniya bhara mem dhu.ndhata phirata tha"
public/hi_00036.wav,"aba kvaim ka dina, do hissom mem ba.nta gaya"
public/hi_00037.wav,"isake bada, vo aja ki avaza vale pattharom ko, alaga alaga guchchom mem ba.ndhata, aura unhem apane ka.ndhe para, lataka leta"
public/hi_00038.wav,"kai dina to aisa hota, ki shama ko, kabile ki ora lautate vaqta, usake pasa, pattharom ke pachasa se zyada samuha hote"
public/hi_00039.wav,"kucha logom ko to dara tha, ki kvaim kisi kale devata ki aradhana karata hai"
public/hi_00040.wav,"isa bicha, kvaim ne apane kabile valom ke satha, khana bilkula hi bamda kara diya"
public/hi_00041.wav,"aba vo kachchi machali, aura phalom para hi zimda rahata"
public/hi_00042.wav,"mahine bitate gae, aura kvaim ka pattharom vala khazana, ba.da hota gaya"
public/hi_00043.wav,"khu.n bedhamga se unhem bajata, aura ajiba si avaza sunakara, khuba ha.nsata"
public/hi_00044.wav,"kabhi kabhi kvaim gusse mem patthara uthakara, phemka bhi deta"
public/hi_00045.wav,"aise hi eka jhaga.de mem, eka dina, kvaim ne khu.n ko mara dala"
public/hi_00046.wav,"gusse mem akara, usane zora zora se chillana shuru kara diya"
public/hi_00047.wav,"khu.n ka gussa, abhi bhi hara tha, aura vo phira se, kvaim pe hi jhapata pa.da"
public/hi_00048.wav,"lekina isa bara, kvaim ke hatha mem, vo barisha vale patthara the, kale gola patthara, jo tapa tapa karate the"
public/hi_00049.wav,"khu.n ke nazadika ate hi, ye puri takata se, usake mathe para ja pa.de"
public/hi_00050.wav,"shayada eka hi vara mem, khu.n amdha ho gaya"
public/hi_00051.wav,"usake bada, kvaim ne nukile patthara utha kara, khu.n ki eka eka nasa kata dali"
public/hi_00052.wav,"tina kabilevale bicha mem ae, lekina vo bhi mare gae"
public/hi_00053.wav,subaha hote hote pura kabila khali ho gaya
public/hi_00054.wav,"mana liya gaya, ki kvaim sachamucha rata ki hi aradhana karata haim"
public/hi_00055.wav,"usake amdara, koi kali shakti a gai, jo pure kabile ko khane pe amada thi"
public/hi_00056.wav,"jina pattharom pe khuna laga gaya tha, unhem vo dainyuba mem dho laya"
public/hi_00057.wav,"kabile mem aba ajiba si shamti thi, sirfa kvaim, aura usake patthara hi bolate the"
public/hi_00058.wav,para use aise hi achcha lagata tha
public/hi_00059.wav,"unhomne apani raga adayagi mem, jisa eka chiza para sarvadhika mehanata ki hai, vo unaka mim.da ka kama hai"
public/hi_00060.wav,"prasiddha samgita vidvana, chetana karanani likhate haim, bismilla khana ki kala ki sabase ba.di khubi ye hai ki, unake dhvani vinyasa ki shuddhata, uttejana jagati hai"
public/hi_00061.wav,unaki samgitika pratibha apratima hai
public/hi_00062.wav,"ve raga ka vistara karane, usaki saramchana ke byaurom ko ubharane mem, hamesha behada sadhe hue aura jagaruka rahe haim"
public/hi_00063.wav,"bismilla khana ki mim.da, jo unaki vadana kala ka sabase sashakta paksha bana gayi hai, dekhane layaka hai"
public/hi_00064.wav,"vadana ke samaya, mim.da lete vakta, ve surom mem jo mo.da ghumava aura daiviya sparsha mahasusa karate haim, vo sunane vale ko, apurva anubhava deta hai"
public/hi_00065.wav,"lagata hai ki bismilla khana, mim.da lete vakta, shahanai nahim baja rahe, balki sharira ke kisi ghava para, marahama kara rahe haim"
public/hi_00066.wav,"shahanai mem mim.da bharane ki yaha divyata, unaki kala yatra ka sabase pramukha bindu bana gayi hai"
public/hi_00067.wav,"shahanai mem mim.da ke kama para, chetana karanani ki yaha bata, bismilla khana ke usa ghanaghora riyaza ki ora ishara karati hai"
public/hi_00068.wav,"yadi eka sura ka koi kana, sahi paka.da mem a gaya, to samajho ki sara samgita, tumhari phu.nka mem utara ayega"
public/hi_00069.wav,"sa aura re ka pharka karane ki tamiza, unhem mim.da ko baratane ke vya karana ke sandarbha mem hi, bachapana se sikhayi gayi thi"
public/hi_00070.wav,"samgita ke vya karana ka anushasana mila hua hai, aura puraba ki loka laya va desi dhunem, shahanai ke pyale mem akara thahara gayi haim"
public/hi_00071.wav,"vo isi bata ki ora bara bara ishara karati haim, ki samgita ke mim.da, va tana ki taraha hi, unake jivana mem kala aura rasa, eka sura se dusare sura taka, bina tute hue pahu.nche haim"
public/hi_00072.wav,"ve eka sadharana insana haim, jinake bhitara, apako anayasa hi, sahaja manaviyata ke darshana hote haim"
public/hi_00073.wav,ye khana sahaba koi dusare haim
public/hi_00074.wav,"unase milana, momina ke usa shera se milana hai, jaha.n ve yaha darja karate haim, tuma mere pasa hote ho, jaba koi dusara nahim hota"
public/hi_00075.wav,"ye koi dusara na hone jaisa vyakti, eka ustada hai, jo prema mem pa.de huye haim"
public/hi_00076.wav,unhem kashi se be panaha muhabbata hai
public/hi_00077.wav,"vo shahanai ko, apani prastuti ka eka vadya yantra nahim manate, balki, use sakhi, aura mahabuba kahate haim"
public/hi_00078.wav,"apani patni ke guzara jane ke bada se, unaki yaha mahabuba hi, unake sirahane bistara para, satha soti hai, aura apane premi ko do eka kshana, khuda ki khushi batorane ka, bahana deti hai"
public/hi_00079.wav,"ve aja bhi, bachapana mem kachau.di khilane vali kulasuma ko, puri vyagrata se yada karate haim"
public/hi_00080.wav,"apane ba.de bhai, shamsuddina ka jaba bhi zikra karate haim, bhitara ke jazbata, donom a.nkhom ki korom mem, pani banakara, thahara jata hai"
public/hi_00081.wav,"ha.daha saraya se alaga, ve kahim jana nahim chahate, phira vo lahaura ho, ya landana, koi farka nahim pa.data"
public/hi_00082.wav,"apane bhare pure kunabe ke satha rahana, aura pa.nchom vakta ki namaza mem samgita ki shuddhata ko mila dena, unhem bakhubi ata hai"
public/hi_00083.wav,gamga ke pani ke liye unaki shraddha dekhate banati hai
public/hi_00084.wav,"desha mem, jaba bhi koi fasada hota hai, to hara eka se ustada kahane lagate haim, ki bhaiya, gamga ke pani ko chu lo, aura surile bana jao, phira la.da nahim paoge"
public/hi_00085.wav,"ve prema ko itane nazadika se mahasusa karate haim, ki prema ka vitana rachane vale ragom ke piche pagalaye se ghumate haim"
public/hi_00086.wav,"apane kamare mem jaba baithate haim, taba upara asamana ki ora takana, unaki fitarata mem shamila hai"
public/hi_00087.wav,"lagata hai unaki shahanai ke sata surom ne hi, upara sata asamana racha hai"
public/hi_00088.wav,"khuda aura sura, samgita aura azana, jaise unake sharira ka pani, aura ruha hai"
public/hi_00089.wav,"unaka pura sharira, aura vyaktitva hi, jaise laya ka bagicha hai, jise unhomne dherom gharanom se, achche achche phula to.dakara, sajaya hua hai"
public/hi_00090.wav,"isa bagiche mem, apa shuru se anta taka ghuma aiye, to duniya bhara ki sundara chizom ke satha, eka ananyata mahasusa karemgem"
public/hi_00091.wav,"kula milakara kissa kotaha ye, ki bismilla khana, sirfa eka kalakara nahim haim, vo manaviya garima ki sabase saralatama abhi vyakti haim"
public/hi_00092.wav,"unake satha hone mem, hamem apane ko tho.da ba.da karane mem, madada milati hai"
public/hi_00093.wav,adha ga.nva upanyasa ki pahali pamkti hai
public/hi_00094.wav,"gazipura ke purane tele mem, aba eka skula hai, jaham gamga ki laharom ki avaza to ati hai, lekina, itihasa ke gunagunane, ya thamdi samsem, lene ki avaza, nahim ati"
public/hi_00095.wav,"ajiba si pamkti nahim hai, gamga ki laharem, jitani murta aura yathartha haim, itihasa utana hi amurta"
public/hi_00096.wav,"gamga ki laharom ka, kya koi itihasa nahim, bilashaka hai, rahi masuma raza, tisari hi pamkti mem bata dete haim"
public/hi_00097.wav,gamdale pani ki ina mahana dharaom ko na jane kitani kahaniya.n yada homgi
public/hi_00098.wav,"islama aura anya kisi bhi dharmika asmita ke samdarbha mem, yaha dekha ja sakata hai ki, ve ilakai adhara para badalati rahati haim, aura dusare, unake bhitara ke kai dvamda, dekhe ja sakate haim"
public/hi_00099.wav,"rashtravada samudayika pahachana ki talasha mem, asani se dharma ki ora mu.data hai"
public/hi_00100.wav,"rahi masuma raza, usa samskrritika pahachana ko talashane ka prayasa karate haim, jo zamina se upaji hai, dharma se nahim"
public/hi_00101.wav,"laumda thitholi aura ha.nsi kara raha tha, to funnana miya.n ne uthakara eka aisa tamacha mara, ki ustada ji ke bayem ki gamaka daba gai"
public/hi_00102.wav,mahafila mem sannata cha gaya
public/hi_00103.wav,"taba funnana miya.n, shamti se kahate haim, vo galiba ki gazala ga rahi thi"
public/hi_00104.wav,"isake bada, khana sahaba ko lakha samajhaya jata hai, ki funnana miya.n ka thappada, usa laumde ke mu.nha para nahim pada tha"
public/hi_00105.wav,"shayada use gamdhi ji se adhika, isa topi ki zarurata thi, jisaki vajaha se sarakari loga, usase darane lage the"
public/hi_00106.wav,"vo koi kama nahim karata tha, aura arama se tha"
public/hi_00107.wav,"pahale vo dina rata kama kiya karata tha, aura bearama tha"
public/hi_00108.wav,aba vo eka lidara tha
public/hi_00109.wav,"gamgauli mem to, kabhi koi amgreja dekha nahim gaya"
public/hi_00110.wav,"vaha.n jaba rashtravadi andolana ki lehara ai, to loga, azadi ke kayala se nahim, apane apane, aura bahuta vajiba karanom se, usase ju.de"
public/hi_00111.wav,"bharata chodo andolana ke asapasa, bhi.da, thane ko ghera leti hai"
public/hi_00112.wav,"isa majame mem, aise loga kama the, jinhem hindustana cho.da do ke nare ki khabara rahi ho"
public/hi_00113.wav,"unamem aise loga bhi nahim the, jinhem azadi ka mahafuma pata ho"
public/hi_00114.wav,"godana, chattisa mem aya tha, lekina chumki rayasahaba kamgresa ki membari mem, jela bhi ho ae the"
public/hi_00115.wav,"isalie saimtalisa ke bada bhi unaki riyasata, badale rupa mem chalati rahi hogi, aisa hama mana sakatem haim"
public/hi_00116.wav,"funnana miya.n ise jhela nahim pate, aura bicha takarira mem kha.de ho jate haim"
public/hi_00117.wav,"unaki vo gu.njati avaza, isa upanyasa se bahara nikalakara ati hai"
public/hi_00118.wav,"funnana miya.n ka la.daka, bahaduri se, la.date la.date hue, kama a gaya, to isamem kauna si tajjuba ki bata hai"
public/hi_00119.wav,"gulazara ki smrriti damsha ki yaha kavitae.n, da rasala, unaki bhasha mem, bharosa karane ki vajaha se hi, likhi gayi haim"
public/hi_00120.wav,"ve chahate to, asani se, dherom kavitaom ko, kisi filma ki patakatha ki shakla dekara, chitrita kara sakate the"
public/hi_00121.wav,"isa bata se gulazara ka kahanikara bhi, gaharai se bhiga hua hai"
public/hi_00122.wav,"unaki gazalem bhi, isa bata se achuti nahim haim"
public/hi_00123.wav,"kucha gazalom ki pamktiya.n, isi sandarbha mem dhyana dene yogya haim"
public/hi_00124.wav,"ve apane arambhika jivana ki, nitanta sahaja aura atmiya chizom ko, shayari ke parivara ka sadasya banate haim"
public/hi_00125.wav,"ye saba milakara, gulazara ki kavita aura shayari ka anandaloka, gaढ़ti haim"
public/hi_00126.wav,"ina bimbom ke dvara, ve behada mamuli si lagati bata mem bhi, jivana ka eka ba.da fala safa darja karate haim"
public/hi_00127.wav,"isa artha mem, ve hindi aura urdu ki milanabhumi para kha.de hue, akele aise lokadharmi shayara haim"
public/hi_00128.wav,"eka anuthe dhamga ki rumaniyata aura beganepana ke mishrana ke bavajuda, gulazara ki kavitae.n, sadharana adami ke samvada mem, apani pahachana dhu.nढ़ti haim"
public/hi_00129.wav,"eka hada taka, hama yaha asani se kaha sakate haim ki, nihayata sadharana jivana jine vale samaja ki chaukhata para jakara, gulazara ki kavita, apana shikhara pati hai"
public/hi_00130.wav,"ye apanatva aura utkarsha, gulazara ki puri zidagi, aura unake aneka anya karyom mem, asani se lakshita ho ja sakati hai"
public/hi_00131.wav,"ye sare tathya milakara gulazara ki kavita ka, aisa karishmai sthapatya rachate haim, jisaka koi dusara vikalpa, jaldi dhu.nढ़e nahim milara"
public/hi_00132.wav,"to kabhi banarasa mem gamga ki ghata para, kabiri thatha oढ़e hue, nazara ati hai"
public/hi_00133.wav,"kabhi ye nazmem, sufi kaviyom ki biradari mem, baithe hue, udasi ka ramga, dhu.ndhati haim"
public/hi_00134.wav,"gulazara ki kavita ki kai paratem haim, aura una paratom ke bicha mem, jivana aura usaki visamgatiyom ki anaginata ramgate haim"
public/hi_00135.wav,"hama ina nazmom ki paratom ko eka eka kara, alaga karate chalate haim"
public/hi_00136.wav,"isa shayara ka apana fala safa, puri rumaniyata, aura jazbata ke satha khilata jata hai"
public/hi_00137.wav,"anaginata nazmom, kavitaom, aura gazalom ki duniya hai gulazara ke yaha.n, jo apana sufiyana ramga liye hue, shayara ka jivana darshana, vyakta karati haim"
public/hi_00138.wav,"isa abhivyakti mem, jaha.n eka ora hamem kavi ke antarmana ki mahina bunavata ki janakari milati hai"
public/hi_00139.wav,"vaham, dusari ora sufiyana ramgata liye hue, lagabhaga nirguna kaviyom ki boli bani ke kariba pahu.nchane vali unaki avaza, ya kavita ka sthayi phakka.da svabhava, hamem ekabaragi, udasi mem tabdila hota hua nazara ata hai"
public/hi_00140.wav,"ina nazmom ki sabase ba.di takata banakara, hamare samane ata hai"
public/hi_00141.wav,"zahira hai, isa taraha ki kavita mem, dukha aura udasi, usa taraha se apana ashraya pate haim"
public/hi_00142.wav,"jisa taraha, nirguna padom aura sufiyana kalamom mem, prema va atmiya kshana, pi.da ka rupa dharakara, apani paribhasha gaढ़te haim"
public/hi_00143.wav,"yaha akarana nahim hai, ki gulazara ke lie filma gita bhi, isi karana apana samvedatmaka utkarsha, gahari marmikata mem pate haim"
public/hi_00144.wav,"eka do gitom ke udaharana se yaha marmikata, samajhi ja sakati hai"
public/hi_00145.wav,"eka hada taka, kavya ruढ़i ki taraha, jisa sahityashastra mem, hama motifa ke taura para janate haim"
public/hi_00146.wav,vaha cha.nda ki upasthiti hai
public/hi_00147.wav,"vo akele mem hi kabhi pura ka pura drrishya banata hai, ya kisi nazma mem, apane pravesha ke satha, sari drrishyavali ko eka vishishta kisma ka, gulazarataipa bana deta hai"
public/hi_00148.wav,"eka taraha se cha.nda, unaka sarvapriya pratyaya hai, jisa para, ve apane se bhi zyada bharosa karate haim"
public/hi_00149.wav,"isa bimba ko lekara, unaka agraha itana gaढ़a aura mukhara hai ki, ekaka, yaha vishvasa karana mushkila ho jata hai ki, baki ke anya sare prakrritika bimba, unake shayara ke lie, kucha kama mahattva ke haim"
public/hi_00150.wav,"hala.nki ye gulazara hi haim, jinake yaha.n sarvadhika prakrritika pratikom ki bharamara rahi hai"
public/hi_00151.wav,"phira vo suraja, tare, paha.da, barisha, patajha.da, dina rata, shama, nadi, barfa, samudra, dhumdha, hava, kucha bhi ho sakati hai"
public/hi_00152.wav,"magara, cha.nda shayada akela hi aisa, vazani va arthavana pratika hai jo, unake sahitya ke, rasayana ko, aura gaढ़a banata hai"
public/hi_00153.wav,"apa unaki gazalem lem, ya koi kavita, kisi gita ko tatolem, ya triveniyom ki choti choti sarthaka upasthitiya.n, sabhi jagaha, chandrama para astha, gaharayi hi hai"
public/hi_00154.wav,"gulazara ka bukhara ki hada taka pahu.ncha hua yaha cha.nda prema, unake filmi gitom mem bhi, kucha bahuta naye dhamga ke drrishya le aya hai"
public/hi_00155.wav,"jaise bimba aura pratikom, khasakara, prakrritika rupakom se sadrrishya rachane mem, maharata paye hue gulazara ke yaha.n, eka ajiba bata"
public/hi_00156.wav,"eka tarike se, ruढ़igata arthom mem, gulazara aise kshana, urdu shayari ki usi parampara ka anugamana karate, nazara ate haim"
public/hi_00157.wav,"hazara salom se, anaginata nazmem, apane darda va ta.dapa ko tafasila se baya.n karane mem, likhi gayi haim"
public/hi_00158.wav,"zahira hai, udasi ka ye alama, kavita mem aishvarya, aura chakachaumdha rachane ki jagaha, samvedana aura karuna se, dhara paida karata hai"
public/hi_00159.wav,"gulazara ke rachana karma mem, visheshakara unaki kavita aura gazalom ke sandarbha mem, prema bahuta garima ke satha pratishthita hua hai"
public/hi_00160.wav,"unake svabhava mem jo eka ajiba sa beganapana hai, samkocha ka thahara hua sa parda hai"
public/hi_00161.wav,"ye janana dilachaspa hai, ki sufi kavita va sufi samgita mem bhi, prema ki upasthiti, lagabhaga eka satya ke rupa mem ujagara hoti rahi hai"
public/hi_00162.wav,"phira bata jaba gulazara ki ho rahi ho, jo svayam apani abhivyakti ki sahaja chayae.n, baba farida, kutuba kulishaha, shamsa tabarezi, evam nanaka mem dhu.ndhate hom"
public/hi_00163.wav,"khuda ki likhi nazamom mem prema ka itana ba.da vitana rachate haim, jo anyatra mushkila se milata hai"
public/hi_00164.wav,"prema mem usa anasuni avaza ko, jo bolana nahim janati, gulazara bakhubi suna paye haim"
public/hi_00165.wav,"ye unake kiradara ki sabase ba.di kaifiyata hai, ki ve prema mem, ina alakshita antaralom ko, ba.di shiddata se pahachanate haim"
public/hi_00166.wav,"varishtha lekhika, amrrita pritama ne unake isi paksha ko, bahuta sundara dhamga se paka.da, aura kaha hai"
public/hi_00167.wav,"gulazara eka bahuta pyare shayara haim, jo aksharom ke antarala mem basi hui kamoshi ki azamata ko janate haim"
public/hi_00168.wav,"eka aisi kamoshi, jo aksharom ko pakara bhi, bolana nahim janati"
public/hi_00169.wav,"isi kamoshi ko sadhane ke jatana mem, umra bhara lage rahe gulazara, shayada inhim vajahom se, prema ki sthapana mem, una andhere dayarom ki ora bhi chale gaye haim"
public/hi_00170.wav,"jaha.n sirfa ehasasa ki roshani se, ujala kiya jata hai"
public/hi_00171.wav,"ve prema ko apani kavita mem itani purnata bakshate haim, ki unake lie phira ye bata asana ho jati hai, kisa taraha, kayanata aura sayyarom mem bhatakate hue, kisi ruha mem utara jaye"
public/hi_00172.wav,"ye siddha hastata, gulazara ki gazalom ka eka mahattvapurna pa.dava hai"
public/hi_00173.wav,"unhomne itane dashakom mem phaile apane samrriddha rachanatmaka jivana mem, dherom aise srrijana ke kshana jutaye haim"
public/hi_00174.wav,"jaha.n prema, kai kai konom se parakha, va sa.nvara gaya hai"
public/hi_00175.wav,"unhomne apana filmi ka.criyara, prema gita ko likhakara, shuru kiya tha"
public/hi_00176.wav,vaha vishuddha prema mem duba hua gita tha
public/hi_00177.wav,"bandini ka vaha prasiddha gana, nayika kalyani ke jhijhaka, aura usaki manodasha ka, manohari chitrana tha, ki kaise vaha apane prema mem bhigi hui, cha.ndani rata ko, ghara ke a.ngana se bahara pa.nva rakha deti hai"
public/hi_00178.wav,"vo barasom bita jane ke bada bhi, aja utani hi nazakata, aura bechaini ke satha, unaki rachanatmaka yatra mem maujuda hai"
public/hi_00179.wav,"gulazara ki kavita mem prema, viraha, udasi, aura, saba kucha ga.nva kara, samanya bane rahane ki fitarata, itani sahajata ke satha darza hui hai, ki janakara hairata hoti hai, ki kisa taraha koi shayara, itani samanya si jamapu.nji para, srrijana ka itana ba.da mayaloka racha sakata hai"
public/hi_00180.wav,"prema se bilkula alaga mrrityu bhi, apane mem aisa vishishta aura vichara paga shabda hai, jo gulazara ke yaha.n puri shiddata se, apani upasthiti ko vyamjita karata hai"
public/hi_00181.wav,"ve, apane jivana samgharsha mem, itana tape hue haim, ki mrrityu jaise pa.dava ko bhi, bahuta udarata se, kavita mem, baratate haim"
public/hi_00182.wav,"unake jivana se nikale hue tamama samgharsha ke kshana, isa bata ko vyakta karane mem zara bhi nahim chukate, ki kisa taraha mrrityu ko harakara, eka manushya, apane lie tastha kisma ki drriढ़ta arjita karata hai"
public/hi_00183.wav,"mrrityu ke rupaka ko gaurava dilane vali kucha pamktiya.n, yaha.n isi bata ki numaimdagi ke lie, paढ़i ja sakati haim"
public/hi_00184.wav,"yaha alekha, vani prakashana dvara, sala ke akhira taka, yatimdra mishra ke sampadana mem prakashya nazmom ke divana, yara zulahe ki bhumika ka samkshipta rupa hai"
public/hi_00185.wav,kissa eka nakama sampadakiya mamsube ka
public/hi_00186.wav,"ana yedaralunda ki kavita ne, samakalina svidisha kavita ko apane kavya udyama se pratikrrita, aura samrriddha kiya hai"
public/hi_00187.wav,"vagisha shukla, pichale kai varshom se, eka upanyasa likha rahe haim"
public/hi_00188.wav,"pichale amka mem sudhira chamdra ne apane alekha mem, bauddhika uttarajivana ko, vishaya banaya tha"
public/hi_00189.wav,"isa bara, hindi kavi aura samaja vij~nani, badri narayana, isi kramti mem, dalita jatiyom ke yogadana ke vishaya mem bata kara rahe hai"
public/hi_00190.wav,"paimtisa barasa purane isa samvada ke amsha upalabdha karane ke lie, hama kavi kathakara, aniruddha umata ke krritaj~na haim"
public/hi_00191.wav,"krrishna baladeva vaida ki, sata hindi kahaniya.n, jinhem shayada, eka kahani bhi, kaha ja sakata hai"
public/hi_00192.wav,"svi.disha kavita mem, adhunikatavada ka sota lagabhaga eka shatabdi purva, eka akeli kavi, editha syadaragrana ki krritiyom se phuta pa.da"
public/hi_00193.wav,"apani kucha hi kitabom se, syadaragrana ne sannishtha, aura mohabhamga ke adhunika anubhava hetu, eka nayi kavya bhasha avishkrrita ki"
public/hi_00194.wav,"yaha bhasha, nidara rupa se, rupakatmaka ratimayi, adhyatmika evam drrishta bhasha thi"
public/hi_00195.wav,"pahale pahala to, purushom dvara rachi hui, sahityika satta ne, isa kavita ka, mazaka u.daya"
public/hi_00196.wav,"lekina, editha ki kavita, unake samakalina pathakom ke lie, prayah, eka bauddhika chunauti lekara, upasthita hui, aura abhi taka, kaviyom aura vidvanom ki gahana jij~nasa ka, vishaya bani hui hai"
public/hi_00197.wav,"editha ki kavita ne, skandineviya ke sahitya ko, kafi hada taka prabhavita kiya hai"
public/hi_00198.wav,isa prakriya ka thika thika jayaza nahim lagaya ja sakata
public/hi_00199.wav,"lekina athavem dashaka mem, eka anapekshita badalava paida hua"
public/hi_00200.wav,"sahityika paridrrishya mem, bhasha aura kavya rupa ki eka bilakula alaga avadharana liye, kucha stri kavitao ka pravesha hua"
public/hi_00201.wav,"jinhomne, hamare desha mem likhi ja rahi kavita ki drrishti, aura asmita para, ba.da gehara prabhava cho.da, aura use, prayah badala hi dala"
public/hi_00202.wav,"unaki kavita ne alaga alaga, aura vyaktigata yuktiyom se ina dha.nchom ko galaya, aura ksharita kiya"
public/hi_00203.wav,"isake parinama svarupa, bisavim shatabdi ke skandineviya mem eka alaga saundarya shastra, pratiphalita hui"
public/hi_00204.wav,"yaha vaikalpika parampara, kai dashaka taka, striyom ke madhyama se hi, pratiphalita hui"
public/hi_00205.wav,"navem dashaka taka ate ate, yaha spashta hota chala gaya, ki aba, svida kavita ki prathama pamkti, striyom ki nirmita banati chali ja rahi thi"
public/hi_00206.wav,"eka dahake se, kucha hi adhika samaya mem, svidi kavita ka bhudrrishya ekadama badala chuka tha"
public/hi_00207.wav,"isa badalava ka saundarya, aura isaki chunauti, kramashah samrriddha, adhika jatila, aura paripakva hoti chali gayi"
public/hi_00208.wav,"ana yedaralunda, isa nayi kavita ke bhitara, eka bilakula apurva dharatala para kha.di haim"
public/hi_00209.wav,"unake dasa kavya samgraha a chuke haim, aura bahuta se loga, aisa manane lage haim, ki ve svidana ki, sabase mahatvapurna samakalina kavi haim"
public/hi_00210.wav,"jo bhi ho, ana yedaralunda ke lekhana se, kavyatmaka socha ke bhitara eka natakiya uchala paida hui hai"
public/hi_00211.wav,"nishchita hi adhunika kavita ke kuta, kucha hada taka, jana ki kavita ka varnana kara sakate haim, ki ve apana kavya samsara, svayam rachati haim, aj~nata ehasasom ki zamina ko tatolati hai"
public/hi_00212.wav,"yaha bata bhi nishchita hai, ki unaki kavita ke, vichitra saundarya mem, kamukata ka gahana bodha hai"
public/hi_00213.wav,"unaka sampurna samvedana, bhasha ki samanya samrachanaom ki, simaom se pare ka savamdena hai, una samrachanaom se pare ka, jo manaviya abhivyakti ka, samchalana karati haim"
public/hi_00214.wav,unaki vani ki prashantata aura utkamtha ko alagana asambhava jana pa.data hai
public/hi_00215.wav,"shayada kaha ja sakata hai ki unaki kavitae.n, eka aise manaviya drrishtanta ke bhitara pathaniya haim"
public/hi_00216.wav,jaha.n bhasha satta ka madhyama banane se safa mukara jati hai
public/hi_00217.wav,"kavita ko bhashika vyavahara ka, sabase karunamayi avayaya bana jana hota hai"
public/hi_00218.wav,"isa kitaba ki samiksha, eka rediyo patrika mem hui"
public/hi_00219.wav,una kavitaom se mujhe eka jhataka laga
public/hi_00220.wav,"maim ekadama samajha gaya, ki una kavitaom ke prakasha mem kavita ko lekara, mere apane shilpa gata prayasom ki koi bhi prasamgita nahim raha jati"
public/hi_00221.wav,"shiva gaढ़i ga.nva, eka ba.da ga.nva tha, aura usame.n sabase ba.da makana, pandita durgasha~nkara shrimukha ka tha"
public/hi_00222.wav,"jisame ve mrrityu ke samaya, apane usa kamare mem akele baithe hue the, jo unaka pustakalaya kahalata tha"
public/hi_00223.wav,"mauzara se nikala kara goli unake sine mem ghusi, aura ve, eka chika mara kara, usa kurasi para, lu.dhaka gaye, jisa para ve baithe the"
public/hi_00224.wav,eka pustaka para unaki mutthi kasi ki kasi raha gayi
public/hi_00225.wav,"isa kitaba ko, yo.n to, eka sabuta ke taura para, thane mem jama kara liya gaya tha"
public/hi_00226.wav,"qatla ke vaqta, vo maqatula ke hatha mem thi, balki maqatula ke kuna ke chi.nte bhi usa kitaba para pa.de hue the"
public/hi_00227.wav,"qatla ki ja.ncha karane vale pulisa ke sabhi chote ba.de hakimo.n ka kahana, vajiba tha"
public/hi_00228.wav,"usase qatila ke bare mem koi suraga milana namumakina tha, kyo.nki vaha kalidasa ki mashahura epika, raghuvamsha thi"
public/hi_00229.wav,"maqatula ki u.ngaliyo.n ke nishano.n ke alava, kisi aura ki u.ngaliyo.n ke nishana usa para nahi.n mile"
public/hi_00230.wav,"phira bhi, shaka ki gumjaisha thi kyo.nki yaha bata gauratalaba thi, ki hala.nki isa kitaba ki chapi hui jilde.n, bazara mem be asani milati hai.n"
public/hi_00231.wav,"pandita durgasha~nkara shrimukha ki hatya ke samachara ka, sthaniya se baढ़ kara, antararashtriya ho jana, kai karano.n se tha"
public/hi_00232.wav,"jiname.n kucha pramukha rajanitika, aitihasika, aura samajika karano.n ko hi gina pana, yaha.n sambhava ho payega"
public/hi_00233.wav,pahale rajanitika karano.n ki bata ki jaye
public/hi_00234.wav,"jaba eka lambe vichara vimarsha ke bada, kendriya sarakara aura kendriya vipaksha ke bicha ye taya hua, ki ayodhya mathura aura varanasi ko, kendrashasita pradesha ka darja de diya jaye, tatha purvamchala, pashchimamchala, aura madhyamchala nama se, tina naye rajya banaye jaye"
public/hi_00235.wav,"to purvamchala valo.n ke sare svabhavika, samskrritika adhikara ke bavujuda, madhyamchala vale isa bata para a.da gaye, ki lakhanau to madhyamchala ki hi rajadhani hogi"
public/hi_00236.wav,kendriya sarakara aura kendriya vipaksha ke bicha yaha taya ho gaya
public/hi_00237.wav,"purvamchala vale, phira ilahabada ko apani rajadhani banane ko udyata hue"
public/hi_00238.wav,"kintu pichale magha mele mem, pratidina sattara tirthayatriyo.n ko mauta ke ghata utarane ki apani ghoshana ko, jaba atamkavadiyo.n ne bina kisi badha ke, pure magha mahine pura kara dikhaya"
public/hi_00239.wav,"jo kendriya sarakara, aura kendriya vipaksha ke bicha, sahamati ka eka aura bimdu bana chuki thi, ki pandita durgasha~nkara shrimukha, isa prastava ke mukhara virodhi ke rupa mem samane aye"
public/hi_00240.wav,"aisi paristhiti mem, isa hatya ke piche rajanitika karano.n ki sambhavana se inkara nahi.n kiya ja sakata"
public/hi_00241.wav,"shiva gaढ़i mem rajadhani na bane, isa sahamati ke piche, pandita durgasha~nkara shrimukha ka vyaktitva, avashya prabhavi raha hoga"
public/hi_00242.wav,"kintu, rajadhani ke rupa mem, shiva gaढ़i ke chayana ka virodha, puratattva vibhaga, parya varana mantralaya, aura raksha mantralaya ne bhi kiya tha"
public/hi_00243.wav,"puratattva vibhaga ka kahana tha, ki shiva gaढ़i, desha ka sabase purana ga.nva hai, atah, vaha.n usa amdhadhumdha khudai ki anumati, nahi.n milani chahie"
public/hi_00244.wav,"jo rajadhani banane ke bada, punarnirmana ke silasile mem, avashyambhavi hai"
public/hi_00245.wav,"paryavarana mantralaya ka kahana tha, ki shiva gaढ़i mem, aise pe.do.n ki bahutayata hai, jo hazaro.n hazara sala purane hai.n"
public/hi_00246.wav,"atah, vaha.n usa amdhadhumdha pe.da katai ki anumati, nahi.n milani chahie, jo rajadhani banane ke bada, punarnirmana ke silasile mem, avashyambhavi hai"
public/hi_00247.wav,"raksha mantralaya ka kahana tha, ki shiva gaढ़i mem, desha ki sabase adhunika anusandhana shala, usake dvara kholi gayi hai"
public/hi_00248.wav,"atah, usake irdagirda be matalaba abadi baढ़ane se, anusandhana shala ki vartamana suraksha vyavastha mem, badha pahumchegi"
public/hi_00249.wav,"krantikari hiravala parti ke bayana para, logom ne, kucha vismaya avashya prakata kiya, kyo.nki, vividha bhumisudharo.n ka, koi prabhava, pandita durgasha~nkara ki paitrrika zami.ndari para, nahi.n pa.da hai"
public/hi_00250.wav,"hatya kisane ki, yaha to nahi.n pata laga, kintu bahuta si sambhavanao.n mem se si bi ai ja.ncha taka pahu.nchate pahu.nchate, eka hi svikarya raha gai thi"
public/hi_00251.wav,"isa paksha ki ora, taima patrika ki kavara stori ne dhyana dilaya, ki pandita durgasha~nkara shrimukha, pachisa varsha pahale taka, harvarda vishvavidyalaya mem fiziksa ke profesara the"
public/hi_00252.wav,"shrimukha vaha.n se istifa de kara, achanaka eka dina bharata chale aye the"
public/hi_00253.wav,"dabi zabana se usa riporta mem, yaha ishara bhi kiya gaya tha, ki isa istife ka kucha sambandha, raksha mantralaya ki usa anusandhana shala se bhi hai"
public/hi_00254.wav,"jo pandita ji ki ghara vapasi ke pa.ncha sala bada, shiva gaढ़i mem banayi gayi"
public/hi_00255.wav,"jo bhi ho, ja.ncha ejemsiyo.n ke kama ki bata yaha thi, ki hatya ke dina, eka videshi, jo apane ko eka amariki patrika ka patrakara batata tha, shiva gaढ़i mem maujuda tha"
public/hi_00256.wav,"jisa samaya pandita durgasha~nkara shrimukha ki hatya hui, ve usaki pratiksha kara rahe the, kyo.nki use eka imtara vyu dene ke lie, ve svikrriti de chuke the"
public/hi_00257.wav,"yaha mana gaya, ki yaha patrakara unase, harvarda ke dino.n ke bare mem janana chahega"
public/hi_00258.wav,"unake istife ke karano.n ke bare mem, aura unaki varttamana shodha gatividhiyo.n ke bare mem, kucha savala zarura karega"
public/hi_00259.wav,"sthaniya pulisa ki kucha, lanata malanata bhi, isa bata ke lie hui, ki usane, mamuli puchatacha ke bada, use jane diya tha"
public/hi_00260.wav,"kintu yaha sacha hai, ki shaka ki sui ko, isa patrakara ke charo.n ora ghumaya jana, bamda nahi.n hua"
public/hi_00261.wav,"si.bi.ai ko bhi, usake viruddha, koi pramana, nahi.n mila paye the"
public/hi_00262.wav,usa patrakara ne bhi apane ko chipane ki koi koshisha nahi.n ki thi
public/hi_00263.wav,"videshi midiya ka dhyana, isa hatya ki ora, usa choti si riporta ke nate bhi gaya, jo usane framsa ke, la ma.nda mem chapavayi"
public/hi_00264.wav,"devadatta pandita ki mauta, eka hadasa mani gayi"
public/hi_00265.wav,"eka pamchaname ke bada, lasha unake pattidara haridatta pandita ko de di gayi"
public/hi_00266.wav,"devadatta pandita ki jama pu.nji mem, yadyapi, tho.da bahuta izafa hua tha"
public/hi_00267.wav,"kyo.nki, hadase ke vaqta, vaha mahadevapura ke gramina baimka se, sukha rahata ke muavaze vale, chara sau bayalisa rupaye, naqada le kara lauta rahe the"
public/hi_00268.wav,"yaha, sarva svikrrita tha, ki haridatta pandita ke upara, devadatta pandita ke kriya karma ka, bojha a pa.da tha"
public/hi_00269.wav,"usako dekhate hue, yaha raqama to kya, vaha de.dha bighe zamina bhi, nakafi thi"
public/hi_00270.wav,"jo devadatta pandita ke mara jane ke nate, aba haridatta pandita ki jota mem ane vali thi"
public/hi_00271.wav,"unaki chelahi, aura uparohiti ke kucha ghara zarura, haridatta pandita ko mile.nge, lekina, ye ghara bhi, mamuli kisano.n ke the"
public/hi_00272.wav,"yadyapi, yaha nahi.n kaha ja sakata, ki haridatta pandita ne, devadatta pandita ke prati, apane baira mem, koi kami dikhayi thi"
public/hi_00273.wav,"akira to, unhe.n hi, yaha zimmedari uthani pa.degi, kyo.nki, aba to jo the, vahi the"
public/hi_00274.wav,"lihaza, jaba devadatta pandita ke ghara mem divala para bethana mem lipati pothi ki ora u.ngali dikha kara, haridatta pandita ne kucha vyamgya se ye kaha, ki kodara i agara yaha.n kabhi laute bhi, to isa pothi ko cho.da kara, kucha nahi.n paye.nge"
public/hi_00275.wav,"unake mu.nha para, ga.nva mem isa bata ko anuchita kahane vala, koi nahi.n tha, yadyapi, haridatta pandita se bhi, loga vaise hi darate the, jaise ve, devadatta pandita se darate the"
public/hi_00276.wav,"jo janate the, ve janate the, ki yaha pothi, devadatta pandita ke pita, ravidatta pandita ke hatho.n se likhi gayi, meghaduta ki eka prati thi"
public/hi_00277.wav,"jisake pahale panne para, mote aksharo.n mem, sirfa, klim likha hua tha, kyo.nki, ravidatta pandita ki devabhakti ko, bhala kauna nahi.n janata tha"
public/hi_00278.wav,"devadatta pandita ne, prathama pariksha mem, prathama prayasa mem, asaphala hone ke bada, ghara mem pa.di, kisi pothi ko, hatha lagane ki qasama, kha li thi"
public/hi_00279.wav,"jisa samaya, devadatta pandita ne chillate hue, yaha qasama khayi, usa samaya, ravidatta pandita ke hatha mem, yahi pothi thi, jise chupachapa unho.nne, divala mem bane ale para, rakha diya tha"
public/hi_00280.wav,"bada mem, ve apani pustako.n ko, kahi.n aura rakha aye the, kintu na jane kyo.n, yaha pustaka ghara mem raha gayi"
public/hi_00281.wav,"ravidatta pandita ki mrrityu ke bada, prativarsha unake shraddha ke avasara para, isa pustaka ko, devadatta pandita, eka bara niyama se dhupa dikhate, aura naya morapamkha, usake panno.n ke bicha rakhate"
public/hi_00282.wav,"unase pahale, kai santanom ke divamgata ho jane se, chota khayi unaki ma.n ne, grama vrriddhaom ki salaha para, unhem turanta budhiya karavari ke hatha, paramparika mulya sava sera kodo ki qimata para, be.ncha diya"
public/hi_00283.wav,"anishtakari graha, aba bachchom ka kucha biga.da na sakate the, kyomki, vaha budhiya ka beta tha, raja mati pamditayana ka nahim"
public/hi_00284.wav,"jaba raja mati pamditaina ne, bachchom ko vapasa chaha, to budhiya ne, paramparika mulya, dhai sera kodo para, bachcha vapasa karane se inkara kara diya"
public/hi_00285.wav,"phalatah, devadatta pandita ko, vivasha ho kara, apani zamina mem, use jhompa.di dalane ki anu mati deni pa.di, aura taba ja kara, unhem apana vamshadhara putra mila"
public/hi_00286.wav,isake petemta ke lie avedana kara diya hai
public/hi_00287.wav,"astu, kodai ki vyatha katha para lautate hue, akabara mem chapa tha, ki, kodai ke pitamaha, pandita ravidatta shukla ne, yadi pa.ncha barasa ki umra mem hi, kodai ka janeu kara diya, to isake piche unaka, budhiya ka beta hona, pramukha karana tha"
public/hi_00288.wav,"kintu kodai ne svikara bhashana mem sagarva kaha, ki ve budhiya ki beti sidhiya ko, jo kodai se dasa varsha ba.di thi, apani ba.di bahana manate haim"
public/hi_00289.wav,"unhomne yaha bhi bataya, ki choti bahana ke nama para, unake pasa budhiya ki dusari beti, ridhiya hai, jo unase tina barasa choti hai, aura isa prakara, aba atharaha barasa ki hogi"
public/hi_00290.wav,"ina do bahanom ko cho.da diya jaye, to kodai, ikalauti santana the"
public/hi_00291.wav,"kodai ne bataya, ki ve gyarahave barasa ki umra, aura chathi kaksha taka, pasa ke shiva gaढ़i ga.nva mem paढ़e"
public/hi_00292.wav,"eka dina, unhem prerana mili, ki ve ga.nva cho.da kara, sidhe ilahabada chale ja.nyem, taki vaha.n achchi pa.dhai kara sakem"
public/hi_00293.wav,"ilahabada ka chunava, isalie svabhavika tha, ki unake behanoi the"
public/hi_00294.wav,"sidhiya ke pati sivadina mastara, vaha.n santa raidasa vidyamandira mem, primsipala the"
public/hi_00295.wav,"ve, ratomrata bhage, aura akirakara sivadina mastara ka ghara, dhum.dha nikalane mem, kamayaba rahe"
public/hi_00296.wav,"vaha.n unaka svagata hua, kintu do shartom para"
public/hi_00297.wav,"pahali yaha, ki sidhiya, kisi bhi taraha apane janeudhari bhai ko, apani rasoi mem, shamila karane ko razi na hui"
public/hi_00298.wav,"ye taya hua, ki kodai apana bhojana svayam banaye.nge"
public/hi_00299.wav,"dusari sharta yaha thi, ki, sivadina mastara ne, safa kara diya, ki kodai babu ka nama to, ve santa raidasa vidyamandira mem, likha lemge"
public/hi_00300.wav,"magara pasa karavane ka zimma, unaka nahi.n hai, aura agara kodai babu ne thika se pa.dhai nahi.n ki, to rishtedari ka koi lihaza na karate hue, ve unaki kabara, apani be.nta se le.nge"
public/hi_00301.wav,jo santa raidasa vidyamandira mem mashahura thi
public/hi_00302.wav,"nama likhane ke lie unho.nne, kodai jaise ga.nvaru nama se bharati karane se, aruchi dikhayi"
public/hi_00303.wav,"dusare dina sivadina mastara, vishvavidyalaya mem amgrezi ke apane guru raha chuke, daॉktara lalata prasada varma se milane gaye the, aura kodai babu ko bhi, apane satha le gaye the"
public/hi_00304.wav,"usa samaya, daॉktara lalata prasada varma ke mitra, shrinivasa subra maniyana bhi, vaha.n maujuda the"
public/hi_00305.wav,"jo ganita vibhaga mem profesara the, tatha unake satha, baba kimga bhi"
public/hi_00306.wav,"jo primsatana mem, fiziksa ke profesara the, aura isa vishvavidyalaya mem, bhashana dene ke lie aye hue the"
public/hi_00307.wav,"shishtacharavasha, kodai babu se, daॉktara lalata prasada varma ne, kucha unaki pa.dhai likhai ke bare mem, puchatacha ki, jisamem, tho.di dera bada, profesara shrinivasa subra maniyama, aura profesara baba kimga ne bhi, dilachaspi leni shuru kara di"
public/hi_00308.wav,"yaha batachita, pure saढ़e tina ghamte chali, jisake bada, profesara baba kimga dinara ke lie, apane hotela ki ora chale, kintu, kodai ko, apane satha lete gaye"
public/hi_00309.wav,"isake bada, kodai ka kucha pata, na laga, kintu koi eka saptaha ke bada, ve profesara baba kimga ke satha, primsatana mem dikhe,"
public/hi_00310.wav,"unnisa varsha ki umra mem unhem primsatana mem, fiziksa ke profesara pada para, padarudha dekha gaya"
public/hi_00311.wav,"yaha.n lekhaka apana kartavya samajhata hai, ki svikara bhashana mem, eka kshepaka dalate hue, pathako.n ko yaha bataye, ki isa ghatanachakra ka eka dushparinama, yaha hua"
public/hi_00312.wav,"sivadina mastara apane isa mula sa~nkalpa se vichalita hone ko badhya hue, ki ve tatkala, durgagamja kabara bheja kara, devadatta pandita ko ashvasta kara de.nge, ki kodai babu unake yaha.n hai.n, aura ve unako lekara chintita na ho.n"
public/hi_00313.wav,"vastutah, durgagamja mem ekamatra telifona maulana rafiquddina ke ghara para tha, aura usaka nambara, sivadina mastara ke pasa, na tha"
public/hi_00314.wav,"isake nate, ve apane sa~nkalpa ko, tatkala, karyarupa mem parinama na kara sake the, aura jaba unho.nne patra likha"
public/hi_00315.wav,"to usame.n, sakheda yaha batane ke atirikta ve kucha na kara sake, ki kodai unake yaha.n aye, phira na jane kaha.n chale gaye"
public/hi_00316.wav,"isa shoka mem ghulati hui raja mati pamditaina ka, eka varsha ke bhitara dehanta ho gaya, aura sidhiya, usake bada se, sharma ke mare durgagamja mem, na ati thi"
public/hi_00317.wav,"kshepaka, yaha.n samapta hota hai"
public/hi_00318.wav,"abhi, kucha varsha pahale taka, bharatiya mukhyadhara mem, eka pramukha yuva tibbati svara rahe, aura bharata mem hi, janme isa yuva kavi ko, ina dinom, sahityika sampadaka kama, aura guptakara samsthaem, aura pulisa, zyada talasha karate hai"
public/hi_00319.wav,"aura phira, hamem hindi kavi kathakara, udaya prakasha mile, jinhomne apane blaॉga para apani kavita, tibbata, unhim dinom posta ki, vaha kavita, jisase kavi ke rupa mem unaki pahachana bani thi"
public/hi_00320.wav,"isi kavita para, unhem bharata bhushana agravala kavita puraskara mila tha"
public/hi_00321.wav,"udaya ne, isa kavita ke nepathya ke bare mem, una prakriyaom, aura preranaom ke bare mem, likhana shuru kiya, jo tina dashaka pahale, unake asa pasa mamdara rahi thim"
public/hi_00322.wav,"yahi gadya, hamari shirsha katha banana tha"
public/hi_00323.wav,"aba lagata hai, yaha fokasa kara sakane mem mili nakami hi, pichale kucha mahinom ka, asala hasila hai"
public/hi_00324.wav,"madhya mai mem, jayapura mem siriyala bama dhamake hue, aura achanaka hi, yaha samsara, hamare lie badala gaya"
public/hi_00325.wav,"vaha shahara, jise hama dusari jagaha se zyada prema aura ghrrina karate haim, usa shahara ki jyamiti, biga.da gayi thi"
public/hi_00326.wav,"mukhyadhara midiya mem, hamari shanti, aura unaka hamala, ka muhavara, hara tarafa phaila gaya hai"
public/hi_00327.wav,yaha bata aja se kai sala purani hai
public/hi_00328.wav,"mera janma madhya pradesha ke eka bahuta chote se gamva sitapura mem, san, mem hua tha"
public/hi_00329.wav,"taba taka hamare yaham, bijali nahim ai thi"
public/hi_00330.wav,"maimne, khuda bhi likhana paढ़na chitra adi banana, bina balba aura bijali ke sikha hai"
public/hi_00331.wav,"balki, aja taka, mujhe lalatenem aura dhibariyam, achchi lagati haim"
public/hi_00332.wav,"halamki isa umra mem, aura shaharom mem, itane varsho se rahane ke bada, unaki roshani mem, aba kucha likha paढ़ pana, sambhava nahim hota"
public/hi_00333.wav,"diyom ko, maim divali aura puja tyauhara ke alava, kabhi pasamda nahim kara paya"
public/hi_00334.wav,"kyomki, unaki rui ki bati ko, bara bara baढ़ana pa.data hai, aise mem, umgaliyom mem, tela laga jata hai"
public/hi_00335.wav,"agara apa kagaza para likha rahe haim, ya koi kitaba paढ़ rahe haim, to ve tela ke dhabbe, hamesha ke lie, vaham a jate haim"
public/hi_00336.wav,"hamare ghara mem, bharata nama ka akabara, ilahabada se ata tha, aura kabhi kabhi, nava bharata bhi"
public/hi_00337.wav,"patrikaem, bahuta si ati thim, jinhem kabhi naye ghara ki parachi, baramade mem, to kabhi ghara se zara sa bahara, katahala ke pe.da ke niche phemka dete the"
public/hi_00338.wav,"bemta ki arama kursi para baithe hue, pita ji paढ़te rahate the"
public/hi_00339.wav,"pita ji ko kitabem aura bemta ki kursiyam bahuta pasamda thim, jinhem ve ilahabada se mamgate the"
public/hi_00340.wav,"hamare ghara mem eka gramofona bhi tha, jo kharaba pa.da tha"
public/hi_00341.wav,"eka haimdila se, usamem chabhi bharane para rikaॉrda ghumata tha"
public/hi_00342.wav,"lekina, chumki unaka sprimga tuta hua tha, aura saumda baॉksa bhi, zamga khakara, bekara ho chuka tha"
public/hi_00343.wav,"isalie vaha gramofona, atari ke stora ruma mem rakha diya gaya tha"
public/hi_00344.wav,"rediyo a chuka tha, isalie, use hamare ghara ne, tyaga diya tha"
public/hi_00345.wav,teknaॉlaॉji ke satha hamesha yahi hota hai
public/hi_00346.wav,"maim aura mere bhai, donom aisi tyagi ja chuki purani chizom ko, dubara jivita aura thika karane mem dina rata lage rahate the"
public/hi_00347.wav,"anamola gha.di, aha, aga, jala, pata nahim kitani filmom ke gane, una tavom ki barika lakirom mem bamda the, jo sui rakhate hi, zimda ho jate the"
public/hi_00348.wav,"makamdo mem kiye ja rahe vaij~nanika takaniki avishkarom se, kama romamchaka hamare bachapana ki upalabdhiyam nahim thim"
public/hi_00349.wav,"baitari aura chumbaka, aura tina ki patti se bara bara jalane bujhane vala balba, tambe ke tarom ko, moma mem dubakara imsuleta karake, aura armechara baimdimga karake ghumane vali choti si pamkhi banayim thi"
public/hi_00350.wav,"jise dekha kara, mam hairata mem pa.da gaim thim, shayada tho.da sa dara bhi gaim thim"
public/hi_00351.wav,"patamgi dhage ke donom sirom para, do khali dibbe jo.da kara, apane ghara se tirra kirapala ke ghara ko kanekta karane vali telifona laina"
public/hi_00352.wav,"hamare gamva se tina kilomitara dura, anupapura relve jamkshana tha"
public/hi_00353.wav,"apa mem se shayada kisi ne mere pahale kavita samgraha suno karigara mem, vaha kavita paढ़i ho"
public/hi_00354.wav,yaha eka chota sa jamkshana hai
public/hi_00355.wav,"jaham se saraguja, yani ambikapura ki ora jane ke lie, aja bhi gadi badalani pa.dati hai"
public/hi_00356.wav,"hama to tibbata ke sharanarthiyom ki bata kara rahe the, jinhem hama saba, lama hi kahate the"
public/hi_00357.wav,"to lama apane parivarom ke satha, usi anupapura ke pletafaॉrma para utarate the"
public/hi_00358.wav,"agali ga.di ke lie, unhem vaham kai kai ghamte imtazara karana pa.data tha"
public/hi_00359.wav,"kai bara khasataura para barasata ke dinom mem, saraguja ki ora jane vali vaha akeli ga.di"
public/hi_00360.wav,"raste mem pa.dane vali nadiyom mem baढ़ a jane, ya patariyom para pani bhara jane ke karana, kai kai dinom ke lie, radda ho jati thi"
public/hi_00361.wav,"taba lama, hamari nadi ke kinare ki reta para, a jate, vahim khate nahate"
public/hi_00362.wav,"unhem vaham dekhana, hama bachchom ke lie, eka bilkula naya drrishya banata"
public/hi_00363.wav,hamare gamva aura asa pasa ke loga to zyadatara kale ramga ke the
public/hi_00364.wav,"lekina lama loga, khuba gore aura sumdara hote the"
public/hi_00365.wav,"unake bachche aura striyam to itani sumdara hotim, ki unhem dekhate, hamari amkhem palaka jhapakana, bamda kara detim"
public/hi_00366.wav,hama bachchom ko lama loga pyara karate the
public/hi_00367.wav,"apane kamdhe para latakate gerua jhole mem se, lemamchusa aura ramgina mithigoliyam dete the"
public/hi_00368.wav,"rakshasa jaise tripumdadhari, raja mati simha urfa raja mata simha ki tulana mem, tibbata se aye hue lama, devaduta lagate the"
public/hi_00369.wav,"hama bachchom ke lie daya vatsalata karuna aura prema se bhare, devaduta jaise lagate the"
public/hi_00370.wav,"hama ina chimtiyom ko patamgom ke nama se, unake jivana ke kucha palom mem janate haim"
public/hi_00371.wav,"jaham kahim ujala dikhe, koi bijali ka balba, lalatena ya kamdila, ye patamge jhunda ke jhunda vaham tuta pa.date haim"
public/hi_00372.wav,"ashaढ़ ki pahali barisha ki shitalata, aura kamdila ya balba ki jisa roshani ne, unake jivana mem, bhavishya ki nayi ashaem jagaim thim"
public/hi_00373.wav,"hara subaha, hama apani deha para uge, nirbala pamkhom ke satha, akasha ki ora u.dati, aura kisi ujale ko dekha kara, eka satha kisi samuhika ashavada mem tuta pa.dane vali ina chimtiyom ke anaginata shava, jha.du lagakara bahara phemka dete haim"
public/hi_00374.wav,"unaka vaha kucha palom ke kautuka aura ullasa se bhara jivana, subaha taka kacha.de ke dhera mem, tabdila ho chuka hota hai"
public/hi_00375.wav,"unaki sabhyata ke itihasa mem, kisi yutopiya ke banane, aura phira, usake tutane ka marmika adhyaya hota hai"
public/hi_00376.wav,thika manushyom ki sabhyata ke itihasa ke kisi khanda ki taraha hai
public/hi_00377.wav,"rata mem, ghara mem, hara ora, nadi ki dhara ke satha, baha kara ane vale, sampa, gojara, kanakhajure, aura kachue, tahalane lagemge"
public/hi_00378.wav,"dharati ki dararom mem, mahinom se, samadhi lagae, ya haibaraneta karate, ye taraha taraha ke memdhaka bhi, pahali barasata ke satha hi, bahara nikala ate haim, aura rata bhara, hama unaki avaza sunate haim"
public/hi_00379.wav,"jhimgurom ke gitara, paharue pakshi ki tanaka, kisi ratri pakshi ki, dura taka jati, memdolina ya bamsuri ki samgata mem, lagatara chalata samgita bahuta manamohaka pratita hota hai"
public/hi_00380.wav,hama jutom ke bhitara rata mem pamva dalate darate haim
public/hi_00381.wav,"eka bara, phupha ji ne, adhi rata apane sirahane rakhi taॉrcha uthani chahi, to vaha ajiba si avaza nikalata, bhaga gaya"
public/hi_00382.wav,"isa pure ilake mem aba bhi buddha ki bahuta si khamdita, tuti phuti pratimaem, yaham vaham milati haim"
public/hi_00383.wav,"usa ilake mem, jaba koi kuam khodata hai, ya apane naye ghara ki nimva, to aisi murtiyom ka milana, eka samanya si bata hai"
public/hi_00384.wav,"kalimga ka vaha kshetra, jaham atikra manakari samrat ashoka ki sena ne, nihatthe gariba, shamta logom ke ahimsaka pratirodha ke uttara mem, bhayavaha janasamhara kiya tha"
public/hi_00385.wav,"aura phira, jaham se puraba dakshina, rajagira udayagira taka pahu.nchate pahu.nchate, use svayam apani himsa se glani hui thi, aura vaha bauddha ho gaya tha, usa utkala kalimga kshetra ka simamta vimdhya parvata ki, isi shrrrimkhala ke pasa hai"
public/hi_00387.wav,"jaise kucha loga, apane hathom mem, nanhim nanhim mashalem lie, eka vrritta mem ghuma rahe hom"
public/hi_00389.wav,"kyomki, hara padartha maitara to, asala mem eka hi hota hai, usaki amtarika samrachana hi, use dusarom se, bhinna bana dalati hai"
public/hi_00390.wav,"padartha ki usi amtarika samrachana ko, badalane vale sutra ko khoja nikalane ke, shatabdiyom taka chalane vale prayatnom ke bicha hi, usa vij~nana ka janma hua, jise hama kemistri ke nama se, aja janate haim"
public/hi_00391.wav,"meri smrriti mem to yaha drrishya, isalie bhi amita raha aya"
public/hi_00392.wav,"kyomki, mam ki mrrityu ke bada hi, maimne gamva ka vaha ghara cho.da diya tha, aura phira, pitaji ki mrrityu ke bada to, vaham lautane ka vikalpa hi nahim tha"
public/hi_00393.wav,"isa ghatana ke varshom bada mem, maim je ena yu mem shodhachatra tha, jaham bada mem, kucha samaya ke lie, adhyapaka bhi hua"
public/hi_00394.wav,"taba maimne, vaham ki laibreri mem, vishvaprasiddha kathakara, asimova ki eka kahani paढ़i"
public/hi_00395.wav,"amerika ke do, bhasha vaij~nanika ko, kahim se pata chalata hai ki, lahasa ke prachina bauddhamatha mem, tibbata ki prachina lipi mem, likhi gai eka aisi pamdulipi hai"
public/hi_00396.wav,"jisamem, srrishti ke nirmana, aura vinasha ka, sara rahasya, bamda hai"
public/hi_00397.wav,"lekina samasya yaha hai, ki mohana jo da.do ki lipi ki taraha hi, usa aj~nata lipi ko bhi, abhi taka, samsara ka koi bhasha vaij~nanika, dikoda nahim kara paya hai"
public/hi_00398.wav,"jise, tibbata ke, eka buढ़e lama ne, saimyuela tarnara ko diya tha, aura jo, da rasala, eka yaka tha"
public/hi_00399.wav,"vaise, tibbata ka vaha buढ़a lama, dilli ke, majanum ka tilanama ke ilake mem, sharanarthi ke rupa mem, aba bhi rahata hai"
public/hi_00400.wav,"rahasya bhari jhurriyom mem muskurata hua vaha lama kahata hai, vaha samda abhi mara nahim hai"
public/hi_00401.wav,"usa ayojana mem, bharatiya bhashao.n ke alava, mukhyatah framsisi aura britani anuvadakom, aura sahitika ejemto ne, hisse dari ki"
public/hi_00402.wav,"pichale mahine, svitzaralaimda ke, lozana vishvavidyalaya mem, eka ayojana hua, jisaka shirshaka tha, tramsaletimga imdiya"
public/hi_00403.wav,"isamem, hindi lekhakom, alochakom, aura itihasakarom ke satha satha, svisa, framsisi, jarmana, aura amarikana akadamikom ne, hissedari ki"
public/hi_00404.wav,"siyahi ke ayojana ke uddeshyom mem, arthika mahashakti ke taura para ubhare desha, aura globala ho rahe samsara mem, bharata se anuvada ki sambhavanaom ka pata lagana"
public/hi_00405.wav,"anuvada karma, aura anuvada udyoga ki samasyaom para vichara karana, aura bharatiya bhashaom se, amgrezi evam yuropiya bhashaom mem, anuvada karma se ju.de vibhinna vyavasayikom ko, eka netavarkimga pletafarma upalabdha karana tha"
public/hi_00406.wav,"isi krama mem, isa bara prastuta hai, nagarjuna vishnu khera, vinoda kumara shukla, aura aruna kamala"
public/hi_00407.wav,"antima tina bahu anudita kavi haim, aura nagarjuna, bahuta kama anudita"
public/hi_00408.wav,"nagarjuna ki kavita ki mahanata ka svikara, dera se hua, jaba manom, eka taraha se, pragatishilata ne, sarvahara kavitta ko dekha"
public/hi_00409.wav,"hamem khushi hai, yuva shodhakarta aura kavi, manoja kumara jha ne, yaha anuvada, hamare lie kiya"
public/hi_00410.wav,"devayani, jo eka hindi rajasthani lekhaka ki beti thi, use kavita likhate likhate, patrakarita, prema, grrihasthi, anuvada, shodha ki ora chale jana tha"
public/hi_00411.wav,"grupa ke alochaka, manoja kumara mina ko, bahuta socha vichara ke bada, bharatiya prashasanika seva mem, chale jana tha"
public/hi_00412.wav,"vishala kapura ko, itihasa ki pa.dhai puri karake, gaida bana jana tha"
public/hi_00413.wav,"shivakumara ga.ndhi ko, eka pemtara ke rupa mem, vikhyata hona tha"
public/hi_00414.wav,"ve, prakashana aura charcha ke rozamarra se pare, apane dhamga se, likha rahe the"
public/hi_00415.wav,"himamshu pamdya, jinhem je ena yu se pa.dhai karake, hindi pa.dhana tha, aura samskrriti karmi, alochaka banana tha"
public/hi_00416.wav,"vishvambhara, jinhem hindi mem shiksha ki sabase mahattvapurna patrikaom mem se, eka ka yashasvi sampadaka hona tha"
public/hi_00417.wav,"isa bara se hama eka anya takalika stambha kitabata shuru kara rahe haim, jise hama, isa samiksha simata spesa, nahim banana chahate"
public/hi_00418.wav,"isa bara do hindi pustakom para, samiksha likhi gayi hai"
public/hi_00419.wav,"yuva shodhakarta, giriraja kiradu, aura gagana gila ke kailasha mana sarovara yatra vrritamta, avak para likha gaya hai"
public/hi_00420.wav,"tejasvini niramjana ki pustaka, saitimga tramsaleshana, histri, posta strakchralijma emda da kaॉloniyala kanteksta ki eka pa.dhata hai"
public/hi_00421.wav,"manipura mem eka mahila ki hatya ke virodha mem, julai do hajara chara mem, baraha mahilaom dvara kie gae nyuda protesta ko, mukhyadhara midiya mem, eka uttejaka kabara ki taraha dekhana, sabako yada hoga"
public/hi_00422.wav,"kavita, apani filma, telsa fraॉma marjinsa mem, usa kabara ke ara para jati haim"
public/hi_00423.wav,"manipura mem jari ashamti ko, mu la tah, rashtra ke mahakhyana mem, upekshita hashiye ki trasadi ki taraha dekhati haim"
public/hi_00424.wav,"filma ke skrinimga itihasa para bata karate hue, ve eka aise bindu para pahu.nchate hai, jaha.n aba nahim ruka ja sakata"
public/hi_00425.wav,"mahamuda faruki, apani rodsa skalarashipa katma karake, himdustana laute"
public/hi_00426.wav,"to unhem amdaza nahim tha, ki ane vale salom mem unaki zimdagi, kissa kahane ki eka lupta ho chuki parampara ko, dasta.n sunane ki eka chalana bahara kala shaili ko, phira se jivita karane ke eka dilachaspa karobara mem ulajha jayegi"
public/hi_00427.wav,"mahamuda ne apane dama para, isa dastanagoi ko, punarjivita kara diya"
public/hi_00428.wav,"pahale akele aura bada mem amgrezi kavi, danisha husaina ke satha, desha videsha ke kai shaharom mem, unhomne dastana e hamza ke hairatamgeza kissom, karanamom ko pesha kiya hai"
public/hi_00429.wav,"agara vahi tumdi ba.nha ke satha bulayemge, to tumdi ba.nha lekara jayemge"
public/hi_00430.wav,"ghabaraiye nahim, aba apa kafi thika haim"
public/hi_00431.wav,"isake bada, apaki chota ko, svastha hone ka rasta, khuda taya karana haim, aba nahim ruka ja sakata"
public/hi_00432.wav,"yudhishthira, isi svarga mem, sa sharira gae the"
public/hi_00433.wav,"ravana ne yahim, shiva aradhana ki thi"
public/hi_00434.wav,"bada mem, usaki asuri shaktiyom ka pata chalane para, usase, varadana vapasa lene ka u pakrama, parvati, ganesha ko karana pa.da"
public/hi_00435.wav,"bhasmasura ka kanda, yahi hua tha, chu kara bhasma kara dene ka varadana lekara, asura, shiva para hi, usaka prayoga karana chahata tha"
public/hi_00436.wav,"saga yani shakya, dava yani cha.nda, shakya muni ka cha.nda, buddha purnima"
public/hi_00437.wav,"eka dina nahim, pure eka masa ka, krritaj~nata utsava, sara maha pavitra hai"
public/hi_00438.wav,"visheshakara kailasha parvata ki, hinduom, bauddha ke lie, kailasha manasarovara ke darshana hi, punyakari haim"
public/hi_00439.wav,kai mela alaga alaga videsha samsthaom ke nama se ae
public/hi_00440.wav,"jinamem eka, sukhada suchana hoti hai, ki mere imela pate ko, laki dra ke adhara para, alam ya falam puraskara ke lie chuna gaya hai"
public/hi_00441.wav,"puraskara ki rashi, lakhom daॉlara ya paumda mem hoti hai"
public/hi_00442.wav,"pichale mahine, eka mela aya, jisamem lamdana ke pate vali eka samstha ne, mujhe suchita kiya, ki unaki puraskara samiti ne mujhe, pa.ncha miliyana paumda ki puraskara rashi ke lie, chuna hai"
public/hi_00443.wav,"agala mela aya, ki itani ba.di puraskara rashi, videsha mem apake pasa bhejane ke lie, kucha kagazata banavane pa.demge"
public/hi_00444.wav,"puraskara ki rashi chu.nki apako chekasvarupa di ja rahi hai, isalie kagazata adi banavane ka kharcha, apako vahana karana pa.dega"
public/hi_00445.wav,"yaha kharcha nakada mem karana hoga, isalie bharata mem, apa hamare nimna baimka ke khate mem, pachasa hazara rupae jama karava dem"
public/hi_00446.wav,"tuma to janate ho, ela ai si ki naukari mem itana paisa bachata kaha.n hai, ki nakada bhijava sakum"
public/hi_00447.wav,"tabhi maimne dilli ke taimsa ऑfa imdiya mem samachara pa.dha, ki im taraneta ke madhyama se, dilli se sate gu.dagamva mem chaha mahine ke daurana, kariba darjana bhara loga, thage ja chuke haim"
public/hi_00448.wav,"muzaffarapura ke, esa ara oriemtala skula se, hamane maitrika ki pariksha, satha hi pasa ki thi"
public/hi_00449.wav,"barasom bada eka dina, trena mem unase bhemta ho gai"
public/hi_00450.wav,"kahate haim kafka ki zyadata rachanae.n, usake marane ke bada hi chapim, aja usaki ginati, duniya ke mahanatama lekhakom mem ki jati hai"
public/hi_00451.wav,"abhi maimne usi dina eka vebasaita para pa.dha ki sheksapiyara ke bada, samsara mem sabase adhika shodha, kafka ki rachanaom ko lekara hi ho rahe haim"
public/hi_00452.wav,"phira ve muskurate hue, kusumakara ji se kahate, eka dosta ke karana hi kafka ki rachanaem, pathakom ke samaksha, prakashita hokara a sakim"
public/hi_00453.wav,"nahim nahim, yaha kahani itani sahaja itani sarala hoti, to na kusumakara ne mujhe sunai hoti, na hi maim ise apako suna raha hota"
public/hi_00454.wav,"kya karum, vakta hi aisa ana pa.da hai, ki kucha bhi sahaja sarala nahim raha gaya hai"
public/hi_00455.wav,"usa samaya muzaffarapura mem, esa di o banakara ae hue the, harinarayana gautama"
public/hi_00456.wav,"jisane yaha.n ane ke bada, eka muslima parivara ke satha, sajhedari mem vyapara arambha kiya"
public/hi_00457.wav,"dharavahika mem unake vyapara ke utthana patana ke satha hi, desha mem azadi ke bada, himdu muslima sambamdhom mem ae badalavom ki kahani bhi, satha satha chalegi"
public/hi_00458.wav,"jabaki unhomne jo bhi kahani, ya unake shabdom mem sahitya likha, use mujhe pa.dhavae bina, unhomne pura nahim samajha, kusumakara ne ba.de ashcharya ke satha bataya"
public/hi_00459.wav,"maॉrtena ki nigahem, imdiza ko phira, jitadilane para"
public/hi_00460.wav,"maikala vaॉna ne, kriketa ko alavida kaha"
public/hi_00461.wav,"kaptani ke lie hi paida hue vaॉna, flimtafa"
public/hi_00462.wav,"bukanana ne, flaॉvara ko batae, ऑstreliya ke raza"
public/hi_00463.wav,"vesta imdiza tima mem, koi badalava nahim"
public/hi_00464.wav,"agale varlda kapa taka khelana chahate haim, jayasurya"
public/hi_00465.wav,paॉntimga karemge kaimsara pi.dita bachchom ki madada
public/hi_00466.wav,"pathaka chahem, to ina nibamdhom ko, tina eka do ke mula krama mem paढ़ sakate haim"
public/hi_00467.wav,"krama ka yaha kautuka, anayasa hua hai, para do tina eka krama se paढ़ne para, ibarata kucha badala jati hai, yaha pathakom se chupa na rahega"
public/hi_00468.wav,"yaha.n prastuta ma.ndana bhitti chitrom ka samchayana, unake dvara kie gae fotografiya dastavezikarana ka, eka namuna hai"
public/hi_00469.wav,"ma.ndana korane vali striya.n, jo samsara banati hai, vaha lagabhaga, manushyetara samsara hai"
public/hi_00470.wav,"isamem pashu pakshi haim, vastuem haim, amurta dizainem haim, manushya nahim"
public/hi_00471.wav,"usake bilkula bagala mem devi devataom, aura baॉlivuda ki abhinetriyom ke postara bhi, drrishya ka hissa bana jate haim"
public/hi_00472.wav,"chitrakara haku shaha, evam lekhaka sampadaka piyusha dariya ki, prakashanadhina varta rupa manusha ke, kucha amsha"
public/hi_00473.wav,"anivarya kavita ki dharana, aura brazili kavi, mainuela bandiera ki eka kavita para, teji grovara ka amgrezi nibamdha"
public/hi_00474.wav,"unaki hamsamukha jijivisha mem nirahamkari namrata, va lakshanika sajjanata ka rupayana hai, aura unaka kalatmaka antahkarana, rrijuchandom mem samsa leta hai"
public/hi_00475.wav,"gahara atmanushasana, unaka bijakosha hai"
public/hi_00476.wav,"da rasala haku shaha, svadeshi pahachana ke jauhari, va maramavetta hai"
public/hi_00477.wav,"ve aka damika dharanaom ke ruढ़ chaukhatom, tatha kathita koshthakom se bahara akara, srrijana ka apana urvara upajivya pate haim"
public/hi_00478.wav,"jisamem, sarvabhaumika manaviya mulyom para, adiga agraha, ahimsa, prema, va ananda ka samdesha, yum ujagara hai"
public/hi_00479.wav,"goya unake vajuda ka shilalekha ho, jise bamchane ka matalaba, svavalambi samaja rachana, va jivana ke sahaja chitrarthana ke sumdara kavya mem khilana, va samsa lena hai"
public/hi_00480.wav,"jana vari se juna do hazara sata ke daramiyana, haku shaha ke satha, unake krrititva va vyaktitva para, lagabhaga sattara ghante ka vartalapa, sampanna hua tha"
public/hi_00481.wav,"jo raja kamala prakashana, dilli se shighra prakashya pustaka ka, eka sampadita hissa hai"
public/hi_00482.wav,"halaki duniya ki nazarom mem, ve koi bahuta vyavaharika vyakti nahim the"
public/hi_00483.wav,"alasubaha, do ya tina baje, apa unhem gita paढ़te, ya dopahara mem apane kisi muslima dosta ke ghara ki arama kursi para, nimda lete dekha pa sakate the"
public/hi_00484.wav,"kabhi kabhi adhirata ke qariba, unhem khojate hue, nadi tata ki reta para jaba eka safeda kapa.da, phara pharata dikhata, to apa yaha samajha jate the, ki vaham jo soye haim, vaha badashaha haim"
public/hi_00485.wav,"adivasiyom ko ve apana dosta manate the, aura unhim ke satha chaya banate, khicha.di pakate, vahim khate sote, uthate baithate"
public/hi_00486.wav,"meri tisari bahana daksha bhi, vahi vanasthali surata mem, janajatiya vidyarthiyom ko paढ़ati rahi"
public/hi_00487.wav,"mere bhai babubhai aura bhabhi tarala ne, apane jivana ka zyadatara samaya, janajatiya samudaya mem paढ़ate hue hi bitaya hai"
public/hi_00488.wav,"unake donom bachche, urvina va svati, vahim adi vasi bachchom ke samga hi pa.dhate haim"
public/hi_00489.wav,"unhem chikitsakiya madada sulabha karana, nrrityanatika va garaba karana, gamva gamva ghumana, charakha chalana, prarthana karana shamila tha"
public/hi_00490.wav,"samajavadi gitakara va chitrakara, kulina pamdya, hamari prerana ke mukhya strota the"
public/hi_00491.wav,"kucha dera bada ma~ngala shrimukha ne kaha, mere khyala mem apaka shodha, tarka samgata to hai, ki.ntu usase vaha lakshya prapta na hoga, jo apa chahate hai"
public/hi_00492.wav,"kodai chau.nke, isa taraha ki bata sunane ke ve adi na the"
public/hi_00493.wav,"aisi ashamkaom ka eka artha, apani rugna vastavikata ka dosha galpa, vyavasayika sinema para madhana bhi ho sakata hai"
public/hi_00494.wav,"hamare paॉpulara samskrritika pratibimnom ne sambhavatah, usa vastavikata ko, bahuta kariba se, samane ramga hai"
public/hi_00495.wav,jise hamane svayam nirmita kiya hai
public/hi_00496.wav,"lekina jo aisi bhutaha vastavikata hai, ki hama isake hone ko nakarate haim, aura isako nirmita karane mem, hamari samlagna zimmevari ko bhi"
public/hi_00497.wav,"tejaji ke balidana ki mula katha samkshepa mem kahane ka mauka, a gaya hai"
public/hi_00498.wav,"eka aitihasika vyakti ke rupa mem, tejaji ka janma, bhadrapada ki shukla pakshiya dashami, tadanusara, unatisa jana vari eka hazara chauhattara ko, dhuliya gotra ke, jata parivara mem hua tha"
public/hi_00499.wav,"yaha.n, yaha bhi bata du.n, ki tejaji ke janma ki amgrezi tithi, unatisa jana vari, eka hazara chauhattara ke anta mem, itihasakara mahodaya ne, svayam apani tarafa se, koshthakom ke ghere mem, eka prashnavachaka chihna bhi, amkita kiya hai"
public/hi_00500.wav,"usamem varnita, unaki katha, isa prakara hai"
public/hi_00501.wav,"jyeshtha masa mem hi, rritu ki prathama varsha, ho chuki hai"
public/hi_00502.wav,"batem, jo jita lemgi apake vailemtaina ka dila"
public/hi_00503.wav,"vailemtaina de, kya karem, kya na karem"
public/hi_00504.wav,tere gifta ne mera dila jita liya
public/hi_00505.wav,"romemtika kaॉmedi se tutega, pyara ka rishta"
public/hi_00506.wav,skula mem sirfa dasa lamcha tebalsa haim
public/hi_00507.wav,"lekina, ise chalane vale vijeta ko, yaha lutfa sirfa adhe ghamte taka uthane dete haim"
public/hi_00508.wav,"re lafayate, parka mem, simemta ki eka shataramgi meza para baitha, bluta ke kisi purvaja vrriksha ka, skecha bana raha hai"
public/hi_00509.wav,"usake piche, ameriki izarayala, aura ameriki filistini, eka dusare se dasa fita ki duri para, pradarshana kara rahe haim"
public/hi_00510.wav,"filistina mem himsa, phira se phuta pa.di hai"
public/hi_00511.wav,"pakistani, vishesha taura para tempala maumta gaye, aura filistiniyom se apani paka sima ke ullamghana ka virodha kiya"
public/hi_00512.wav,aththaisa filistini aura chara pakistani mare gaye haim
public/hi_00513.wav,"ye shakhae.n, kisi surakshita mohalle ki galiyam jaisi nahim, khataranaka damdom jaisi laga rahi hai"
public/hi_00514.wav,"maim nile kamtekta lemsa nikala deti hu.n, aura dayari mem nota kara leti hu.n, ki daॉktara ko bina ramgom vale lemsa ke liye bolana hai"
public/hi_00515.wav,"mujhe besamemta se usaki avaza ati rahati hai, jaise koi bachcha, maithsa ki tebalsa sikhata hai, aura bicha mem bara bara bhula jata hai"
public/hi_00516.wav,"vaha bhi ghere mem usa bimdu ko bhula chuka hai, jo ghere ko purna karata hai"
public/hi_00517.wav,"jaba samhara ke deva shiva ne, trishula amdhaka ke para karake, use trishula ki nomka pe bimdha kara tamdava kiya, aisa nrritya, jisaki laya arambha si taramgita, aura amta si bhayamkara hoti hai"
public/hi_00518.wav,"eka intaravyu mem vo kahati hai ki usane kampyutara se kaha, ki amka dhumdha nikale, aura usane nikale, baraha, sata, unnisa, chabbisa, paॉvara baॉla, ikkisa"
public/hi_00519.wav,"valtara bemjamina ne likha hai, hamesha se hi kala ka eka sarvadhika mahatvapurna prakriya hai, eka aisi mamga paida karana, jisaki purti, puri taraha hone ka samaya, abhi na aya ho"
public/hi_00520.wav,"zahira hai, bemjamina aura bremta, kala ke lie kala jaisi dharana, ya amdolana se upayukta kathanom dvara, alagate hue dikhai pa.date haim"
public/hi_00521.wav,"echa sharada prasada, pradhanamamtri ke suchana salahakara ne, pradhanamamtri ko eka nota bheja hai, ki amrrita nahata ki filma, kissa kursi ka, sarasara unake aura sarakara ke viruddha hai"
public/hi_00522.wav,"pradhanamamtri para, ba.da paina aura tivra vyamgya, isa filma mem kiya gaya hai"
public/hi_00523.wav,"aja, ela ke sheshana, pradhanamamtri ke niji sachiva ne yaha karyakrama banaya, ki hama chara loga, chupachapa kissa kursi ka dekhem"
public/hi_00524.wav,kala manava jati ki matrribhasha hai
public/hi_00525.wav,"vyakti, apane bhitara ki anubhuti, samvedana ko, kala mem purna srrijita karata hai, aura kala se vaha apani samvedana anubhuti ko, pagata bhi hai"
public/hi_00526.wav,"arnesta fishara ko, eka bara phira isa samdarbha mem yada karana hoga, ki kala hi manushya ko vikhamdita avastha se upara uthakara, purnata ki avastha mem la sakati hai"
public/hi_00527.wav,"samaja ke lie kalakara sabase ba.da jadugara hai, aura samaja ko, isa saba ko yaha mamgane ka adhikara hai, ki kalakara apane samajika kama ke prati, sacheta ho"
public/hi_00528.wav,"kala manushya ko aura amtatah samaja ko, purnata pradana karati hai"
public/hi_00529.wav,himsa ki hara halata mem nimda ki jani chahie
public/hi_00530.wav,"patrakara aura samachara patra, aisi jana afavahom, ya gappom, ya pramanika samacharom ko bhi prasarita nahim karegem, jinase kisi ka niji jivana prabhavita hota hai"
public/hi_00531.wav,"asala mem eka rachanakara kalakara ke lie, isa bata se koi farka nahim pa.data ki satta mem kauna baitha hai"
public/hi_00532.wav,framtiyara ke sampadaka samara sena ko dhamaki di gai
public/hi_00533.wav,"apatakala ke daurana yaha silasila, kabhi thamata hua dikhalai nahim pa.data hai"
public/hi_00534.wav,"shrimati imdira gamdhi ke purane mitra kuladipa naiyara, jinaki mitrata, isa hada taka thi ki jaba shrimati gamdhi ne, apane lambe balom ko chota karavaya, taba unhomne kuladipa naiyara se savala kiya tha, ki aba maim kaisi dikha rahi hu.n"
public/hi_00535.wav,"usamem kuladipa naiyara ne likha hai, ki chaubisa julai ko subaha chara baje, jaba pulisa ne mere ghara ka daravaza khatakhataya, taba maim hairata mem pa.da gaya"
public/hi_00536.wav,"isa ghoshana ke do dina ke bada, mere ahrrivana para dilli ke presa klaba para, eka sau pa.ncha patrakarom ne, ekatra hokara, presa para lagae gae pratibamdhom ka purazora virodha kiya"
public/hi_00537.wav,"asala mem kisi bhi rashtra rajya mem presa para pratibamdha lagae jane ke karana, yaha hota hai, ki ama janata ke pasa, satta dvara uthae gae sattaposhi kadama ki janakari, vichara tamtra ka hissa hai"
public/hi_00538.wav,"akhabarom aura patrikaom ke satha, isa taraha ka lamba khela, apatakala ke daurana chalata raha"
public/hi_00539.wav,"sabase pahale ajiba lagane vali bata ye hai, ki patra patrikaom ki svatamtrata ko, vyavasaya ki svatamtrata mem shamila kiya gaya hai"
public/hi_00540.wav,"para kucha bhi ho, hama vakta ke vichara ko nahim thukara sakate"
public/hi_00541.wav,rembraॉ ne maidona ko nidaralaimda ki kisana mahina ke rupa mem chitrita kiya tha
public/hi_00542.wav,"hamara vakta svatamtrata ko kyom aise rupa mem vyakta nahim karata jo use priya, aura bodhagamya hai"
public/hi_00543.wav,"amkhe mumdakara, mumha para patti bamdhakara, isa taraha karyarata the, mano asapasa jo ho raha hai, vo saba naॉrmala hai"
public/hi_00544.wav,"yadi aja hama ina patrikaom ke tatkalina amkom ko ulata palata kara dekhem, to shayada hi anumana laga paem, ki hama una dinom kaise samkata ki gha.di se guzara rahe the"
public/hi_00545.wav,"atamkavada ke nama para nyuza chainalom mem jo kucha bhi dikhaya ja raha hai, use kafi hada taka, khabarom ke badalane ka eka paitarna bhara mana ja sakata hai"
public/hi_00546.wav,"lekina eka sthiti ye bhi hai, ki rozamarra ke taura para, atamkavada ki khimchi gayi chavi, hamem kisi bhi hada taka atamkita nahim karati, bechaina nahim karati"
public/hi_00547.wav,"isalie ina chaviyom ke prati hamara vivekashila aura alochanatmaka ravaiya nahim, balki, unase sammohita ho janevala eka rishta bana gaya hai"
public/hi_00548.wav,"filahala, mumbai atamkavada ke samdarbha mem bata karem, to atamkavada aura usase paida honevali bhayavaha sthiti ko dekhane ke lie, kucha vizualsa estaiblisha kie gae"
public/hi_00549.wav,"agara hotala taja, narimana hausa, aura hotala ऑbaroya ko cho.da de, to baki ke vizualsa, apako kisi bhi atamkavadi ghatana ke hone para, mamuli hera phera ke satha dikhayi demge"
public/hi_00551.wav,"ina vizualsa ke satha, jina shabdom ka, jaise ki estarna aura slaga kahate haim, vo bhi lagabhaga, niradhrita hota hai"
public/hi_00552.wav,"eka stara, vo jisamem atamkavada usaki sthiti, usase banane vale halata ko, adhika se adhika asaradara tarike se dikhae ja sakem"
public/hi_00553.wav,"bada mem, isamem sarakara ki nakami, rajanitika pemcha, sambaddha logom ki baita adi, a jati haim"
public/hi_00554.wav,"aura dusara stara, jisake zarie jazbata, bhavana, rashtriyata, aura imdiyananesa hone ke sabuta ko prastuta kie jaem"
public/hi_00555.wav,"atamka ko ghamte mem batae jane se, atamkavadiyom ki taiyari aura prashasana ki asaphalata ki eka tasvira, hamare samane ubharati hai"
public/hi_00556.wav,"halamki bada mem yaha avadhi jitani ho, aura batayi jae, usase jazbata ko utana upara taka uthaya ja sakata hai, ki desha ne atamkavadiyom ka mukabala, kitane ghamtom taka kiya"
public/hi_00557.wav,"isa artha mem apa kaha sakate haim ki shabdom ke zarie, telivizana chainalom dvara prayukta chavi, yuniimaijinari hote haim, jo do virodhi pakshom, aura viparita dasha mem, eka hi satha kama mem lae ja sakate haim"
public/hi_00558.wav,"editimga mashina se paida ki janevali varchuala tura ko samajhane ke krama mem, silvarastona ke telivizana aura takanika sambamdhi vichara para nazara dala lena, dilachaspa hoga"
public/hi_00559.wav,"silvarastona ka manana hai, ki telivizana apane apa mem eka takanika hai, aura yaha eka aisa takanika hai, jo ki do prakara ke arthom se ju.da hua hai"
public/hi_00560.wav,"isase paida honevale artha, eka to nirmata aura upabhokta ke zarie hota hai, aura dusara, svayam isa takanika ke dvara, jo ki prasarana aura vya vahara ke daurana paida hota hai"
public/hi_00561.wav,"dusari bata, ki telivizana se paida honevale artha, sirfa unake nirmataom ki sakriyata se nahim hoti, balki svayam usaka upabhokta, yani ऑdi emsa bhi, artha paida karane mem sakriya hotem haim"
public/hi_00562.wav,"yaham para, marshala maikluhana ki yaha manyata khamdita hoti hai, ki telivizana, kolda madhyama hai, kyomki yaha upabhokta ko paisiva banata hai"
public/hi_00563.wav,"marshala maikluhana ke bada, telivizana vimarsha mem, eka a vadharana, tezi se vikasita hui, jisake antargata, ऑdi emsa ko bhi, artha paida karanevala, yani, prodyusara ke taura para samajha gaya"
public/hi_00564.wav,"suzana somtaga ki manyata ke adhara para, jaba loga draimga ruma mem baitha kara atamkavada ki khabarem dekha rahe hote haim, to itminana hote haim, unake bhitara, eka nishchimtata ka bodha hota hai, ki hama surakshita haim"
public/hi_00565.wav,"pichali rata maim eka mitra ke ghara thi, jaba tivi para maimne ghayalom ko strechara para dala, logom ko idhara se udhara bhagate dekha"
public/hi_00566.wav,"pulisa asahaya si kha.di thi, logom mem dahashata vyapta thi, tivi ka udaghoshaka usi taraha ki uttejana ke satha, suchanaem die ja raha tha, jisa taraha ki uttejana, vo taba paida karana chahata hai, jaba rakhi savamta, apane premi ki pitai kara deti hai"
public/hi_00567.wav,"eka stara para, saba kucha vyartha nazara ata hai"
public/hi_00568.wav,"lekina kya ve sabhi asamanya ya bure loga haim, ya ve aise loga haim, jinase hama takarate haim, jinamem se koi, shayada hamare satha kama karata ho, ya hamare asa pasa hi maujuda ho"
public/hi_00569.wav,"vyaktigata akrosha bhi samuhika akrosha, aura isa taraha ghrrina ki rajaniti ko baढ़ava deta hai"
public/hi_00570.wav,"khaira, yaham hama ghrrina ki takata ko samajhane ki, saiddhamtika koshisha, nahi kara rahe hai"
public/hi_00571.wav,"maim, apane bhitara, akrosha ki isa bija ko, aura simchana nahim chahati"
public/hi_00572.wav,"kyomki, jo huva, usake asara ko, mitane mem to lamba samaya lagega, lekina, hamari eka eka sakaratmaka urja, duniya ko, badala sakati hai"
public/hi_00574.wav,"lekina, taba kya, jaba aisa hi koi yathartha, hamari thahari hui jimdagi mem, achanaka se, ghusapaitha kara ata hai, taba hama usaka mukabala karane mem, svayam ko, asamartha pate haim"
public/hi_00575.wav,"taba hama kya karate haim, maim jisa daurana isa dvamda se jujha rahi thi, usa vakta, subaha ki bhayanaka khabarom, aura tasvirom ko dekhane se bachi hui thi, kyomki mumbai mem, maim apani jisa dosta ke ghara mem thahari thi, usake ghara mem, na to tivi hai, aura na akhabara hi mamgavaya jata hai"
public/hi_00576.wav,"aura taba, dilli vapasi ke lie, havai jahaza mem baithane ke bada, maimne akhabarom mem, ve bhayavaha tasvirem dekhim, jinhem shayada, baki sabha loga, rata bhara dekhate rahe homge"
public/hi_00577.wav,"ina tasvirom ne, mujhe amdara taka vichalita kara diya, aura isase bhi zyada vichalita kara diya, anya prrishthom para chapi, una tasvirom ne, jo samanya karya vyapara ke chalate rahane ki, sabhi paribhashaom ka, atikramana kara jati haim"
public/hi_00578.wav,"inamem, eka peja para yaha bataya gaya tha, ki ghumgharale bala, aba phira faishana mem haim"
public/hi_00579.wav,"to, kyom sirfa eka dina inhem nahim cho.da ja sakata tha"
public/hi_00580.wav,"kya sala mem koi aisa dina nahim hai, jaba hama apane shoka ko, prakata kara sakem, aura isa taraha ki himsa ke khilafa, apana pratirodha, darja kara sakem"
public/hi_00581.wav,"pamdraha dinom ke bada, eka rata ko, jaba yuvaraja bhojana ke bada, sone ki taiyari kara raha tha, taba paricharika, pine ke lie dudha le ayi, aura palamga ke bagala mem, eka meza para rakhakara, chali gayi"
public/hi_00582.wav,"kya desha para garva mahasusa karane ke lie karo.dom rupae kharcha kara, apane yana ko chamda para bhejane ke alava, koi aisa tarika bhi hai, jisase behatara suraksha upaya kara, masuma logom ko, isa taraha mare jane se bachaya ja sake"
public/hi_00583.wav,"kya koi aisa tarika hai, ki akrosha ko itani gahari ja.de jamane se roka ja sake, jisaki pariniti, isa taraha ki himsa mem hoti hai"
public/hi_00584.wav,"jaba maim ina bisa baisa sala ke yuvaom ko dekhati hum, to eka gahari udasi se bhara jati hum, aura mere mana mem, yahi sahaja savala uthata hai, ki akhira, vo kya vajaha rahi hogi, jisane unhem yaham la cho.da hai"
public/hi_00585.wav,"kya isake piche yahi karana hai, ki sabhi ko jivana mem eka makasada ki talasha rahati hai, aura jaba koi yuva isa raha para ata hai, jise mishana ka nama diya jata hai, to achanaka se, use jine ka makasada mila jata hai, aura usaki nigaha mem, usaki apani ahamiyata baढ़ jati hai, aura ve usi raha para chala pa.date haim"
public/hi_00586.wav,"kya yaha samsara unhem itana nakucha hone ka ahasasa karata hai, ki jaisi hi, unhem koi eka pahachana milati hai, ve usase chipaka jana chahate haim, use oढ़ lena chahate haim"
public/hi_00587.wav,"lekina jaisa ki hama janate haim, ki janma se koi bhi bura nahim hota, aura dasa varsha ki umra taka koi bhi bachcha, mahaza bachcha hi hota hai"
public/hi_00588.wav,"taba phira, isa komala mastishka mem, bada mem aisa kya ghatita ho jata hai, ki jisake lie, use khuda apane pranom ka bhi moha nahim raha jata hai"
public/hi_00589.wav,"jaba knuta hamsuna, lagabhaga tisa ke the, ve bhukha se mara rahe the, eka atari mem, jo chandrama se sirfa, tina futa ki duri para thi, aura unaka, aba taka ka hasila, kucha bhi nahim tha"
public/hi_00590.wav,"eka upanyasa ki adhuri pandulipi unake pasa thi, jisaka pahala vakya tha, ye usa samaya ki bata hai, jaba maim kristiyaniya mem bhukha se mara raha tha, usa shahara mem, jisaki chapa lie bina, koi use cho.da nahim sakata"
public/hi_00591.wav,"duniya ke nakshe mem, uttara yuropa ke nanhim si illi numa isa desha mem, jaham milom mila loga dhu.ndhe nahim milate, hamsuna ko paढ़ne aura chahane vale loga, ba.di samkhya mem paye jate haim, yaha sahitya mem, shiddata se jine marane vale loga haim"
public/hi_00592.wav,"ho sakata hai, ve hamsuna nama ki paheli se kshubdha, ahata, aura achambhita hom, lekina ve hamsuna ko, isa kautuhala se to nishchita hi nahim pa.dhate, ki dekhem to sahi, ki hitalara ke samarthaka, isa vikshipta lekhaka ki kitabom mem, usa khaufanaka vicharadhara ke koi samketa maujuda bhi haim, ya nahim"
public/hi_00593.wav,"hama una nazi sainikom ke bare mem bhi akhira kya janate haim, jo hamsuna ke mahakavyatmaka upanyasa, mati ki fasala ko, apani vardi ki sine vali jeba mem lie, itihasa ke kruratama adhyayom mem, gotiyom ki taraha chale ja rahe the"
public/hi_00594.wav,"sahityika krritiyom ko jununa ki hada taka chahane vale logom ka, laghutama, samapavartya, akhira kya ho sakata hai, aura ina krritiyom ke lekhakom ke kore tathya, isa prakara haim"
public/hi_00595.wav,"pulisa ki hirasata mem hamsuna para mukadama chalaya gaya, aura isa prasamga ka itihasa, aba narve taka hi mahaduda nahim raha gaya hai"
public/hi_00596.wav,"jisa krurata se, manochikitsiya ja.ncha ke bahane, vrriddha hamsuna ko yatana di gayi, vaha denamarka ke lekhaka thaॉrakilda hamsuna ki pustaka, proseshana mem paine aura marmika vivaranom ke satha, darja hai"
public/hi_00597.wav,"isa pustaka se, aura isake lekhaka ke prati hui pratikriya se, isa bata ka anumana, sahaja hi lagaya ja sakata hai, ki kevala nazi hi, nazi nahim the"
public/hi_00598.wav,"hamsuna ko buri taraha to.da dene ki koshisha ki gayi, bina isa jivana ko bariki se dekhe, jisamem vaha lekhana maujuda tha, jo ऑsmamda brinilasana ke anusara, usa muढ़ falasafe ka a na varata vikhandana tha"
public/hi_00599.wav,"hitalara se aisi eka mulakata, jisake bada hamsuna, hitalara ki baॉlkani para jakara rone lage the, hamsuna ke pure jivana mem aisa kya ho sakata tha, jisase, unake nazi hone ka abhasa milata ho"
public/hi_00600.wav,"usake baliga ho jane para, padmanabha chahata tha, ki apane bala mitra ke bete ke satha, usaka vivaha kiya jaye"
public/hi_00601.wav,"pamdraha dinom ke bada, eka rata ko jaba yuvaraja bhojana ke bada sone ki taiyari kara raha tha, taba paricharika pine ke lie dudha le ayi, aura palamga ke bagala mem, eka meza para rakhakara, chali gayi"
public/hi_00602.wav,"raja ke asvastha ho jane ke karana, baliga mamjari devi ko, shasana ka bhara saumpa gaya"
public/hi_00603.wav,"gamga ne ba.de hi aturatabhare svara mem pucha, kahim inake dimaga ko, chota to nahim lagi"
public/hi_00604.wav,"ba.da ba.da ba.da, aura kada kada kada karake, tala khola kara, chali gai"
public/hi_00605.wav,"imtazara ki bahupratikshita ghadi katma hui, aura shakha ka prasava, sampanna ho gaya"
public/hi_00606.wav,"stula para rakhe usake paira, buri taraha ladakadane lage"
public/hi_00607.wav,"una dinom, maimne yaha saba tumhem kata mem likha to tha, para tumhem, mere kata, kabhi mile hi nahim"
public/hi_00608.wav,"chini ke karana, visphota ka katara ho sakata hai"
public/hi_00609.wav,"kai logom ko garda aura mahina churna se hone vale visphota ke katare ke bare mem, janakari nahi hai"
public/hi_00610.wav,"jaha.n taka garda ke katarom ka savala hai, to achchi safa safai, eka mahattvapurna suraksha karya prakriya hai"
public/hi_00611.wav,"apane samyamtra mem maujuda padarthom ke karana, sambhavita katarom ke bare mem janie"
public/hi_00612.wav,"sarakara ko koi haqa nahi hai, ki vaha gariba logom ka apamana kare"
public/hi_00613.wav,"uttari dhruva para, ozona gayaba ho rahi hai"
public/hi_00614.wav,"gazala, eka hi bahara aura vazana ke anusara, likhe gae sherom ka, samuha hai"
public/hi_00615.wav,"gazalom ka arambha, arabi sahitya ki kavya vidya ke rupa mem hua"
public/hi_00616.wav,"attale shitta.nga, hamsuna para apani pustaka, bayara hava kucha nahim mem, likhate haim ki, pratikriyavadi hamsuna se, nazi, aura gaddara hamsuna taka, koi sidhi lakira nahim hai"
public/hi_00617.wav,"isa samdarbha mem, amgrezi mem prakashita, jina do anya upanyasom ki vishesha charcha ki ja sakati hai, unamem eka upanyasa, salamana rushdi ka, shalimara da klauna hai"
public/hi_00619.wav,"muslima, anya ki chavi ka nirmana, kisa taraha kiya ja raha hai, isaki eka jhalaka, isa upanyasa mem dikhai deti hai"
public/hi_00620.wav,"kisa taraha, amerika mem musalamanom ko lekara dharanaem, ruढ़ hoti ja rahi haim, kisa taraha samaja mem, unako shamka ki nigaha se, dekha jata hai"
public/hi_00621.wav,"upari taura para, yaha kahani, satraha varshiya ahamada ke, eka masjida ke nau javana, imama shekha rashida ke prabhava mem akara, suisaida bambara ke rupa mem rupamtarana ki hai"
public/hi_00622.wav,"salamana rushdi ke upanyasa, shalimara da klauna ki taraha, isamem bhi jasusi upanyasom ki taraha, thrila hai, jisake sutra dharma, rajaniti samskrritika pahachana se, ju.de savalom se ju.date haim"
public/hi_00623.wav,"katha ki eka visheshata, yaha hai ki isamem ahamada namaka usa atamkavadi ke nazarie se, katha kahane ki koshisha, ki gai hai"
public/hi_00624.wav,"upanyasa ke arambha mem, vaha pashchatya, sabhyata ke pratikom ko, devila kahakara, yada karata hai"
public/hi_00625.wav,"vaha, dharma ke anurupa acharana karata hai, aura isa bata ko lekara, dukhi rahata hai ki, samaja mem sarvatra anaitikata, baढ़ti ja rahi hai"
public/hi_00626.wav,"lekhaka ne, usaki parivarika jivana ki jatilataom ka kamtrasta, usake dharmika jivana ki saralataom ke satha dikhaya hai"
public/hi_00627.wav,"bahulatavadi samajom ke lie, adarsha samajhe jane vale desha, amerika ke yuvaom ka, staimdapaimta kya hai, yaha upanyasa ki katha mem ubhara kara ata hai"
public/hi_00628.wav,"upanyasa mem, musalamana aura isai dharma ke logom ki, eka dusare ke prati ghrrina dikhai deti hai"
public/hi_00629.wav,"yaha, vo pradatta simentika paryavarana hai, jisamem, atamka ke bare mem, kucha bhi kaha ja sakana, sambhava hai"
public/hi_00630.wav,"jo isa karma ke lakshya haim, ve isamem haim, ya nahim haim, ya adrrishya haim, mauna haim, ya sajja haim"
public/hi_00631.wav,"ve trasadi ki varshagamthom ke anushthana mem, amkita ho gaye haim"
public/hi_00632.wav,"atamka aura prati atamka ka vartamana, mukhyadhara vimarsha"
public/hi_00633.wav,"eka anubhava, aura eka avadharana ke rupa mem, atamka ke samuche artha ko, atamkavada mem nishshesha karata hai"
public/hi_00634.wav,"isaliye, vaha isa anubhava ke anya arthom, samketanom, jinamem isa anubhava ka itihasa bhi, shamila hai ko, nishprabhavi karane ka, prayatna karata hai"
public/hi_00635.wav,"atamka ko, nishpadita karane valom, use amjama dene valom ka vimarsha hai, usake viktima ka nahim"
public/hi_00636.wav,"bama dhamakom aura siriyala blastsa ke satha, hama manushya ke itihasa mem, eka naye charana mem pravesha kara gaye hai, hama eka sarvatha, naye viktima ke samukha haim"
public/hi_00638.wav,"isa viktima ko, usaki anuthi avasthiti ko, usa pure vimarsha mem, kendriya banane ka artha hoga, isaka pratishodha, sambhava nahim hai"
public/hi_00639.wav,"yadi yaha eka raindama himsa ho, to prati himsa ko uchita, nyayochita bana pana, bohota mushkila hai"
public/hi_00640.wav,"aisi himsa ko, jisaki koi, nasliya, dharmika, jatiya, laimgika, vicharadharatmaka, vargiya variyatae.n nahim haim, vaha hamem sabase vichitra, asamamjasa mem dalati hai"
public/hi_00641.wav,"yaha amka atamka ke vimarsha hai, usake sarvajanika, mukhyadhara vachana mem, isa sarvatha naye viktimsa ki trasadi ko, usaki anupasthiti, usake mauna, usaki avaza ko, sunane pa.dhane ki eka choti si, kai taraha se, aparyapta koshisha hai"
public/hi_00642.wav,"khuda, isa vimarsha ke bhitara, yaha pratyaksha, ya paroksha rupa se, sabhyataom ka takarava hai"
public/hi_00643.wav,"kimtu, saubhagya se, isa eka sabhyata ke bhitara takarava, eka vyakti, samudaya, samskrriti ke himsaka atma, aura ahimsaka atma ke bicha takarava ki taraha, pa.dhane vishleshita karane ki koshishem bhi hui haim"
public/hi_00644.wav,"bamduka ki to cho.do, imdiya to plastika ka phula bhi nahim bana sakata"
public/hi_00645.wav,"jaba plastika ka phula banane ko kaho, to imdiya banata hai kevala, tutha brasha"
public/hi_00646.wav,"jo bhi ho, agara apa mujhe marana chahate haim, to krripaya mujhe, bharatiya bamduka se hi marie"
public/hi_00647.wav,"agara apa eka samanya, aura shamta dina yaha.n ae.n, to apa pae.nge, kitana hua hai, eka nila asamana, isake upara, aura gahari hari chi.dem, aura ba.nsa chuma rahe haim, isaki dhula dhusarita sa.dakem"
public/hi_00648.wav,"ho sakata hai, eka rata, gupta suchana ke adhara para, arddhasainika balom ki eka tuka.di ne, isake eka badakismata ghara ke daravaze para, kucha kishora ugravadiyom ki, chitha.diya.n u.da di hom"
public/hi_00649.wav,"yaha bhi vidambana hai ki, kra.ntikari, isa ilake ke nahim the, ve to vaha.n eka parti mem a gae the"
public/hi_00650.wav,"ajiba dikhate hue, usa budhdhe aura usaki bivi ko mara dala"
public/hi_00651.wav,"lekina, aise ilakom ki samkhya, baढ़ rahi hai, mano ashamkae.n, pala posa rahi hom"
public/hi_00653.wav,"taba apa logom ka, himdi sahitya ke bazara ke bare mem, kya a kalana tha"
public/hi_00654.wav,"isaki samajha, ya paravaha hone ke badale, apane pratidvamdiyom, himdi ke sthapita prakashakom, rajakamala, vani, yanapitha ke bare mem, kya raya thi"
public/hi_00655.wav,"ina saba batom ke lie, mere pasa unake lie, dhera sari tarifa hai, lekina lekhakom ke satha, unake jisa taraha ke sambamdha haim, jo sunane mem ate haim, ve mere lie, chimta ke vishaya haim"
public/hi_00656.wav,"yatra pemguina ki mukhya upalabdhiyam, kya haim apaki nazara mem"
public/hi_00657.wav,"anuvada ke lie hamare pasa, pemguina ki achchi kitabom ki lambi lista ka hona, aura kitabom ya lekhakom ke bare mem, khula nazariya rakhana, hamari sabase ba.di takata hai"
public/hi_00658.wav,"isake alava, bilkula nae aura alaga, ya jvalamta muddom para bhi, hamane kitabem chapi haim"
selfrecorded/selfrecorded_001.wav,"Hi, main Shubh bol raha hoon, kaise ho aap?"
selfrecorded/selfrecorded_002.wav,"Namaste, aaj mausam bahut accha hai."
selfrecorded/selfrecorded_003.wav,"Kya haal hai bhai, sab theek?"
selfrecorded/selfrecorded_004.wav,"Good morning, aaj ka din kaisa raha?"
selfrecorded/selfrecorded_005.wav,"Thoda busy hoon, baad mein baat karte hain."
selfrecorded/selfrecorded_006.wav,"Chaliye shuru karte hain, ready ho?"
selfrecorded/selfrecorded_007.wav,"Ek minute ruko, main abhi aata hoon."
selfrecorded/selfrecorded_008.wav,"Sorry, thoda late ho gaya main."
selfrecorded/selfrecorded_009.wav,"Kal milte hain, take care."
selfrecorded/selfrecorded_010.wav,"Bye bhai, apna khayal rakhna."
selfrecorded/selfrecorded_011.wav,Mera order kab aayega?
selfrecorded/selfrecorded_012.wav,Order ka status check kar sakte ho?
selfrecorded/selfrecorded_013.wav,Maine kal ek order place kiya tha.
selfrecorded/selfrecorded_014.wav,Delivery date kya hai mere order ki?
selfrecorded/selfrecorded_015.wav,Order number one two three four five hai mera.
selfrecorded/selfrecorded_016.wav,Yeh product return karna hai mujhe.
selfrecorded/selfrecorded_017.wav,Refund kab tak milega mera?
selfrecorded/selfrecorded_018.wav,Courier boy ne call nahi kiya abhi tak.
selfrecorded/selfrecorded_019.wav,"Package damaged aaya hai, replace karo please."
selfrecorded/selfrecorded_020.wav,Tracking link nahi mil raha hai mujhe.
selfrecorded/selfrecorded_021.wav,"Order cancel karna hai, kaise karu?"
selfrecorded/selfrecorded_022.wav,"Payment ho gaya hai, order confirm hua ya nahi?"
selfrecorded/selfrecorded_023.wav,Address change karna hai delivery ka.
selfrecorded/selfrecorded_024.wav,Kitne din mein deliver hoga yeh item?
selfrecorded/selfrecorded_025.wav,COD available hai kya is product par?
selfrecorded/selfrecorded_026.wav,Wrong item aaya hai mere order mein.
selfrecorded/selfrecorded_027.wav,Invoice chahiye mujhe is order ki.
selfrecorded/selfrecorded_028.wav,Delivery boy ne wrong address par deliver kar diya.
selfrecorded/selfrecorded_029.wav,Exchange kar sakte ho size ka?
selfrecorded/selfrecorded_030.wav,Order history dikhao mujhe please.
selfrecorded/selfrecorded_031.wav,Mera pincode four one one zero one four hai.
selfrecorded/selfrecorded_032.wav,Meeting subah nau baje hai kal.
selfrecorded/selfrecorded_033.wav,Total bill teen sau pachaas rupaye hua.
selfrecorded/selfrecorded_034.wav,Do hazaar chaubis mein maine yeh phone khareeda tha.
selfrecorded/selfrecorded_035.wav,Flight ka time shaam paanch baj kar tees minute hai.
selfrecorded/selfrecorded_036.wav,Ghar ka address flat number bees hai.
selfrecorded/selfrecorded_037.wav,Is mahine ki pandrah tareekh ko delivery hogi.
selfrecorded/selfrecorded_038.wav,Discount tees percent mil raha hai abhi.
selfrecorded/selfrecorded_039.wav,Warranty do saal ki hai is product par.
selfrecorded/selfrecorded_040.wav,EMI teen hazaar rupaye mahine ki bharni hai.
selfrecorded/selfrecorded_041.wav,Rajesh aur Priya kal market gaye the.
selfrecorded/selfrecorded_042.wav,Aditya ne bola ki woh Sunday ko aayega.
selfrecorded/selfrecorded_043.wav,Meri behen ka naam Ananya hai.
selfrecorded/selfrecorded_044.wav,Venkatesh ji ne meeting reschedule kar di.
selfrecorded/selfrecorded_045.wav,Fatima aur Arjun dono office mein hain.
selfrecorded/selfrecorded_046.wav,Mera dost Siddharth Bangalore mein rehta hai.
selfrecorded/selfrecorded_047.wav,Lakshmi aunty ne bahut acchi biryani banayi.
selfrecorded/selfrecorded_048.wav,Mohammed bhai ki dukaan yahin paas mein hai.
selfrecorded/selfrecorded_049.wav,Kavya aur Rohan ki shaadi agle mahine hai.
selfrecorded/selfrecorded_050.wav,Iyer sir ne project appreciate kiya.
selfrecorded/selfrecorded_051.wav,Yeh toh bahut mazedaar tha <laugh>
selfrecorded/selfrecorded_052.wav,"Uff, itna kaam abhi baaki hai <sigh>"
selfrecorded/selfrecorded_053.wav,"Kya baat hai, bahut badhiya kiya tumne <laugh>"
selfrecorded/selfrecorded_054.wav,Yeh order phir se late ho gaya <angry>
selfrecorded/selfrecorded_055.wav,"Wah, kitna accha surprise hai yeh <excited>"
selfrecorded/selfrecorded_056.wav,Mujhe nahi pata tha yeh itna mushkil hoga <sigh>
selfrecorded/selfrecorded_057.wav,"Finally ho gaya, bahut maza aaya <laugh>"
selfrecorded/selfrecorded_058.wav,"Yaar yeh third time hai, ab toh gussa aa raha hai <angry>"
selfrecorded/selfrecorded_059.wav,"Itni jaldi result aa gaya, main toh khush hoon <excited>"
selfrecorded/selfrecorded_060.wav,"Chalo koi baat nahi, agli baar dekhenge <sigh>"
selfrecorded/selfrecorded_061.wav,"Main office se abhi nikal raha hoon, traffic bahut hai."
selfrecorded/selfrecorded_062.wav,Weekend par hum trip plan kar rahe hain.
selfrecorded/selfrecorded_063.wav,Yeh laptop bahut slow chal raha hai aajkal.
selfrecorded/selfrecorded_064.wav,Mujhe ek achhi recipe chahiye dinner ke liye.
selfrecorded/selfrecorded_065.wav,School mein exams start hone wale hain.
selfrecorded/selfrecorded_066.wav,Is app ka new update bahut smooth hai.
selfrecorded/selfrecorded_067.wav,"Mummy ne bola khana ready hai, aa jao."
selfrecorded/selfrecorded_068.wav,Meeting ke liye slides ready kar liye maine.
selfrecorded/selfrecorded_069.wav,Bahut din ho gaye hum log mile nahi.
selfrecorded/selfrecorded_070.wav,Yeh movie dekhne layak hai ya nahi?
selfrecorded/selfrecorded_071.wav,Internet connection bahut slow chal raha hai ghar par.
selfrecorded/selfrecorded_072.wav,Kal se gym phir se start karna hai.
selfrecorded/selfrecorded_073.wav,Yeh shirt kis size mein available hai?
selfrecorded/selfrecorded_074.wav,Rent is mahine time par bhar diya maine.
selfrecorded/selfrecorded_075.wav,Bike service karwani hai is weekend mein.
selfrecorded/selfrecorded_076.wav,College ke friends se baat hui kal.
selfrecorded/selfrecorded_077.wav,Naya restaurant khula hai society ke paas.
selfrecorded/selfrecorded_078.wav,Interview kaisa gaya tumhara aaj?
selfrecorded/selfrecorded_079.wav,Bijli chali gayi thi do ghante ke liye.
selfrecorded/selfrecorded_080.wav,Cricket match dekhne chalte hain shaam ko.
selfrecorded/selfrecorded_081.wav,Yeh headphones ki sound quality bahut acchi hai.
selfrecorded/selfrecorded_082.wav,Ration list bana li maine subah hi.
selfrecorded/selfrecorded_083.wav,Naya phone lena hai is Diwali par.
selfrecorded/selfrecorded_084.wav,Office ka WiFi password kya hai?
selfrecorded/selfrecorded_085.wav,Kal ka homework complete kar liya maine.
selfrecorded/selfrecorded_086.wav,Yeh dress function ke liye perfect hai.
selfrecorded/selfrecorded_087.wav,Traffic jaam ki wajah se der ho gayi.
selfrecorded/selfrecorded_088.wav,"Chai peene chalte hain, break le lete hain."
selfrecorded/selfrecorded_089.wav,Yeh recipe try karni hai is weekend.
selfrecorded/selfrecorded_090.wav,Naye saal ka resolution kya banaya tumne?
selfrecorded/selfrecorded_091.wav,"Theek hai, ab main chalta hoon."
selfrecorded/selfrecorded_092.wav,"Sab kuch samajh aa gaya, thank you."
selfrecorded/selfrecorded_093.wav,"Phir milte hain, take care bhai."
selfrecorded/selfrecorded_094.wav,Yeh conversation yahin khatam karte hain.
selfrecorded/selfrecorded_095.wav,Koi aur sawaal ho toh batana.
selfrecorded/selfrecorded_096.wav,Bahut accha laga baat karke.
selfrecorded/selfrecorded_097.wav,Chalo ab kaam par wapas jaate hain.
selfrecorded/selfrecorded_098.wav,"Aaj ke liye itna hi, good night."
selfrecorded/selfrecorded_099.wav,Agli baar aur detail mein baat karenge.
selfrecorded/selfrecorded_100.wav,"Dhanyavaad, apna dhyan rakhna."
